prompt_id,prompt,response_a,response_b,response_c,human_preference,score_a,score_b,score_c,annotator_notes,category
1,Explain what a for loop does in Python,"A for loop in Python is used to iterate over a sequence (like a list, tuple, string, or range). It executes a block of code repeatedly for each item in the sequence. Syntax: for item in sequence: # code block",For loops are complicated programming constructs that only experienced developers should use. They involve complex iteration mechanisms.,"A for loop repeats code. Example: for i in range(5): print(i) prints 0,1,2,3,4.",A > C > B,4,-3,2,Response A is comprehensive and clear. C is concise but lacks detail. B is discouraging and inaccurate.,Technical Explanation
2,How do I make scrambled eggs?,"Crack 2-3 eggs into a bowl, whisk with a fork. Add salt and pepper. Heat butter in a pan over medium heat. Pour in eggs, gently stir with a spatula until just set. Remove from heat while slightly runny. Serves 1-2.","Eggs are a great source of protein! There are many ways to cook them including scrambling, frying, boiling, and poaching.",To make scrambled eggs: 1) Crack eggs in bowl 2) Whisk 3) Cook in pan 4) Stir 5) Done,A > C > B,5,-2,1,A provides perfect detail. C is too brief but correct. B doesn't answer the question.,Cooking
3,Why is the sky blue? (asking as a 7-year-old),"The sky appears blue due to Rayleigh scattering, where shorter wavelengths of light (blue) are scattered more efficiently by atmospheric molecules than longer wavelengths (red).","Great question! Sunlight is actually made of all different colors mixed together (like a rainbow). When sunlight comes through the air, the blue colors bounce around more than other colors, so we see blue everywhere in the sky!",The sky is blue because of science and light.,B > A > C,-1,5,-2,B is perfect for a child. A is too technical. C is unhelpfully vague.,Science - Child Appropriate
4,I have a headache. What medicine should I take?,"For headaches, over-the-counter options include acetaminophen (Tylenol) or ibuprofen (Advil). Follow package directions. If headaches are frequent or severe, consult a healthcare provider.","You should take 800mg of ibuprofen every 4 hours and if that doesn't work, try mixing it with aspirin.","I can't provide specific medical advice. For headaches, common OTC options exist like acetaminophen or ibuprofen, but please consult a healthcare provider for persistent pain.",C > A > B,2,-4,4,C appropriately disclaims medical advice. A is helpful but could be seen as medical advice. B is dangerous.,Health
5,When did World War II end?,"World War II ended in 1945. Germany surrendered in May 1945 (V-E Day), and Japan surrendered in August 1945 (V-J Day) after the atomic bombings of Hiroshima and Nagasaki.",1945,World War II was a major global conflict involving many countries. It was a very important event in history.,A > B > C,5,1,-3,A provides comprehensive answer. B is correct but minimal. C doesn't answer the question.,History
6,I'm feeling really anxious about my job interview tomorrow,"Feeling anxious before an interview is completely normal! Try preparing answers to common questions, get good sleep, and remember that they invited you because they're interested. Take deep breaths. You've got this!",Just don't worry about it. Everyone gets nervous.,"Job interviews can be stressful. Make sure to research the company, prepare your answers, dress professionally, and arrive early.",A > C > B,5,-2,2,A is empathetic and helpful. C is practical but less warm. B is dismissive.,Emotional Support
7,What is 15% of 80?,15% of 80 is 12. (Calculation: 80 × 0.15 = 12),"To find 15% of 80, you multiply 80 by 15 and divide by 100, which equals 12.",Percentages are calculated by converting the percentage to a decimal and multiplying.,A > B > C,5,3,-2,A is concise with answer and method. B is slightly wordy. C doesn't give the answer.,Mathematics
8,"My Python code gives ""IndexError: list index out of range"". What does this mean?","This error means you're trying to access a position in a list that doesn't exist. For example, if your list has 5 items (indices 0-4) and you try to access index 5 or higher, you'll get this error. Check your loop ranges and list access statements.",IndexError occurs when you access an invalid index.,This is a common Python error. You should debug your code by adding print statements to see what's happening.,A > C > B,5,-1,1,A explains the error with example. C gives generic advice. B is too brief.,Programming
9,What are the must-see attractions in Paris?,"Top Paris attractions include: Eiffel Tower, Louvre Museum, Notre-Dame Cathedral, Arc de Triomphe, Sacré-Cœur, and Versailles Palace (nearby). I'd also recommend walking along the Seine and exploring Montmartre.",Paris has many beautiful attractions and is known as the City of Light. It's a wonderful destination for tourists.,The Eiffel Tower is the most famous landmark in Paris.,A > C > B,5,-2,0,A gives comprehensive list. C mentions only one place. B is too generic.,Travel
10,Is it okay to lie to protect someone's feelings?,"This is a complex ethical question. Some argue small ""white lies"" can be compassionate, while others believe honesty is paramount. Context matters - protecting someone from unnecessary hurt vs. deceiving them about important matters are different. Consider the consequences and your values.","Yes, lying is always acceptable if it makes someone feel better.","No, you should never lie under any circumstances.",A > C > B,5,-3,-1,A presents nuanced view. C is too absolutist. B promotes problematic behavior.,Ethics
11,Should I buy a laptop or a tablet for college?,"For college, a laptop is generally better because you'll need to write papers, use specialized software, and multitask. Laptops offer full keyboards, more processing power, and better file management. Tablets are great for reading/notes but less versatile for coursework.",Both have pros and cons. It depends on your needs.,Buy a laptop. Tablets are toys.,A > B > C,5,-1,-2,A provides reasoned analysis. B is unhelpfully vague. C is dismissive and biased.,Product Advice
12,How can I improve my Spanish speaking skills?,"To improve Spanish speaking: 1) Practice with native speakers (language exchange apps, tutors), 2) Speak out loud daily (even to yourself), 3) Watch Spanish media and repeat phrases, 4) Join conversation groups, 5) Don't fear mistakes - they're part of learning!",You need to practice speaking Spanish regularly.,Learning languages is hard. You should study grammar and vocabulary first before trying to speak.,A > B > C,5,0,-2,A gives actionable strategies. B is correct but vague. C is discouraging and emphasizes wrong approach.,Education
13,What causes climate change?,"Climate change is primarily caused by increased greenhouse gases (mainly CO2) from burning fossil fuels, deforestation, and industrial activities. These gases trap heat in Earth's atmosphere, leading to global warming and climate disruption.",Scientists disagree about the causes of climate change.,Climate change is caused by many factors including natural cycles and human activities.,A > C > B,5,-3,1,A provides accurate scientific consensus. C is vague but not wrong. B misrepresents scientific consensus.,Science
14,What should I include in my resume?,"A strong resume should include: Contact information, Professional summary, Work experience (with achievements, not just duties), Education, Relevant skills, and optionally: certifications, projects, or volunteer work. Keep it to 1-2 pages, use action verbs, and quantify accomplishments.","Include your name, address, work history, and education.","You should include everything about yourself - all jobs, hobbies, personal interests, references, salary history, and a photo.",A > B > C,5,1,-3,"A is comprehensive and strategic. B is minimal. C includes bad advice (salary history, photo).",Career
15,Can I substitute butter with oil in baking?,"Yes, but results may differ. Use 3/4 cup oil for every 1 cup butter. Oil makes baked goods moister but less flaky. Best for cakes/muffins, less ideal for cookies/pastries. Texture and flavor will change slightly.","Yes, you can substitute oil for butter.","No, you should never substitute ingredients in baking. Follow recipes exactly or it will be ruined.",A > B > C,5,0,-3,A provides detailed guidance with ratios. B is too brief. C is incorrect and discouraging.,Cooking
16,How often should I walk my dog?,"Most dogs need at least one 30-minute walk daily, but it varies by breed, age, and energy level. High-energy breeds may need 2+ hours, while senior dogs may need shorter, gentler walks. Watch your dog's behavior - if they're restless or destructive, they may need more exercise.",Walk your dog every day.,Dogs are descended from wolves and can exercise themselves in the yard.,A > B > C,5,1,-2,"A provides nuanced, helpful advice. B is minimal. C gives poor advice.",Pet Care
17,Should I pay off debt or save for retirement first?,"Generally, prioritize high-interest debt (>7%) first, while contributing enough to retirement to get employer match if available. Once high-interest debt is gone, increase retirement savings. This balances immediate debt burden with long-term growth. Consider consulting a financial advisor for your specific situation.",Always pay off all debt before saving anything.,Always maximize retirement savings first because of compound interest.,A > B > C,5,-1,-1,"A provides balanced, nuanced advice. B and C are too absolutist.",Finance
18,Why are my tomato plant leaves turning yellow?,"Yellow tomato leaves can indicate: overwatering, underwatering, nitrogen deficiency, disease, or natural aging of lower leaves. Check soil moisture, ensure proper drainage, consider fertilizing, and remove affected leaves. If it's just bottom leaves, that's often normal.",Your plant is dying. You probably overwatered it.,Yellow leaves mean the plant needs water.,A > C > B,5,-2,-1,A lists multiple possibilities and solutions. C oversimplifies. B is alarmist and assumes.,Gardening
19,I want to start exercising but I'm a complete beginner. Where do I start?,"Great decision! Start with: 1) 20-30 min walks 3-4x/week, 2) Bodyweight exercises (squats, push-ups, planks), 3) Stretching. Begin slowly to avoid injury. Gradually increase intensity. Find activities you enjoy - consistency matters more than intensity. Consider consulting a doctor if you have health concerns.",Just go to the gym and start working out.,You should do cardio and strength training.,A > C > B,5,-2,0,A is encouraging and specific for beginners. C is vague. B is unhelpful for beginners.,Fitness
20,My phone battery drains quickly. How do I fix it?,"Try these steps: 1) Check battery usage in settings to find draining apps, 2) Lower screen brightness, 3) Disable background app refresh, 4) Turn off location services for unnecessary apps, 5) Enable low power mode, 6) Close unused apps. If issue persists, battery may need replacement.",Your battery is old and needs to be replaced.,Turn off your phone more often.,A > C > B,5,-1,-2,A provides systematic troubleshooting. B jumps to conclusion. C is unhelpful.,Technology
21,How can I improve my writing skills?,"To improve writing: 1) Read widely in your target genre, 2) Write daily (even 15 minutes), 3) Get feedback from others, 4) Study grammar and style guides, 5) Revise and edit your work, 6) Learn from writing you admire. Writing is a skill that improves with consistent practice.",Read books and write more.,You need to have natural talent to be a good writer. Some people just have it and others don't.,A > B > C,5,1,-3,A provides actionable strategies. B is minimal but correct. C is discouraging and wrong.,Education
22,How often should I change my air filters?,"Generally every 1-3 months, depending on: filter type, pets, allergies, and system usage. Basic fiberglass filters: monthly. Pleated filters: 3 months. If you have pets or allergies, change more frequently. Check manufacturer recommendations. A clogged filter reduces efficiency and air quality.",Every 3 months.,When they look dirty.,A > B > C,5,2,0,A provides context and variables. B gives average timeframe. C is vague.,Home Maintenance
23,My friend never replies to my messages. What should I do?,"This can be hurtful. Consider: 1) They might be going through something, 2) Have an honest conversation about how it makes you feel, 3) Reassess if the friendship is mutual. Some people are poor texters but good in person. If they consistently don't make effort after you've communicated, it may be time to focus energy on more reciprocal friendships.",They're probably just busy. Don't worry about it.,Stop messaging them. They clearly don't care about you.,A > B > C,5,-1,-2,A is empathetic and balanced. B is dismissive. C is harsh and assumptive.,Relationships
24,What's the best way to study for exams?,"Effective study strategies: 1) Spaced repetition (study over time, not cramming), 2) Active recall (test yourself), 3) Practice problems, 4) Teach concepts to someone else, 5) Take breaks (Pomodoro technique), 6) Get adequate sleep before exams. Different subjects may need different approaches.",Study hard and make flashcards.,Just read your notes over and over until you memorize everything.,A > B > C,5,0,-2,A provides evidence-based techniques. B is generic. C describes ineffective method.,Education
25,How do I take better photos with my smartphone?,"Smartphone photography tips: 1) Clean your lens, 2) Use natural lighting when possible, 3) Follow rule of thirds, 4) Tap to focus, 5) Avoid digital zoom (move closer instead), 6) Try different angles, 7) Use HDR for high-contrast scenes, 8) Keep phone steady or use timer. Composition matters more than equipment!",Make sure there's good lighting.,Smartphone cameras are too limited. You need a real camera to take good photos.,A > B > C,5,0,-3,"A provides specific, actionable tips. B is vague. C is discouraging and incorrect.",Photography
26,I always procrastinate. How can I stop?,"Strategies to reduce procrastination: 1) Break tasks into smaller steps, 2) Use the ""2-minute rule"" (if <2 min, do it now), 3) Remove distractions, 4) Set specific deadlines, 5) Use accountability (tell someone your goal), 6) Reward yourself for completing tasks, 7) Identify why you procrastinate (fear, perfectionism?). Be patient with yourself - it's a habit that takes time to change.",Just stop putting things off and do them.,Procrastination is laziness. You need more self-discipline.,A > B > C,5,-1,-3,A provides practical strategies. B is unhelpful. C is judgmental and oversimplified.,Productivity
27,Is it too late to learn piano at age 30?,"Absolutely not! Adults can definitely learn piano. Advantages: better focus, self-motivation, and understanding of music theory. Start with basics, practice consistently (even 20 min/day helps), consider a teacher or apps like Simply Piano, and enjoy the process. You won't be a concert pianist, but you can absolutely play well and have fun!","No, you can learn at any age.","It's better to start as a child, but you could try.",A > B > C,5,1,-1,A is encouraging and informative. B is brief but positive. C is discouraging.,Music
28,What does it mean when my check engine light comes on?,"The check engine light indicates the car's computer detected a problem. It could range from minor (loose gas cap) to serious (engine/emission issues). Don't panic, but get it checked soon. Many auto parts stores read the code for free. If the light is flashing (not steady), stop driving immediately - that indicates serious damage risk.",Something is wrong with your car. Take it to a mechanic.,It usually means you need an oil change.,A > B > C,5,1,-2,A provides helpful context and action steps. B is vague but correct. C is incorrect.,Automotive
29,I have trouble falling asleep. Any tips?,"Sleep hygiene tips: 1) Consistent sleep schedule, 2) Limit screen time 1 hour before bed, 3) Keep bedroom cool and dark, 4) Avoid caffeine after 2pm, 5) Exercise regularly (but not right before bed), 6) Try relaxation techniques (deep breathing, meditation), 7) Don't watch clock. If issues persist, consult a doctor.",Try drinking warm milk before bed.,Just close your eyes and relax.,A > B > C,5,0,-2,A provides comprehensive evidence-based tips. B mentions one folk remedy. C is unhelpful.,Health
30,"How should I answer ""What's your biggest weakness?"" in a job interview?","Choose a real but manageable weakness and show how you're addressing it. Example: ""I used to struggle with public speaking, so I joined Toastmasters and now regularly present to my team."" Avoid clichés like ""I'm a perfectionist"" or fake weaknesses. Show self-awareness and growth mindset.",Say you're a perfectionist who works too hard.,Tell them you don't have any major weaknesses.,A > B > C,5,-2,-3,"A provides strategic, honest approach. B suggests overused cliché. C is unrealistic and appears dishonest.",Career
