transaction_id,order_id,payment_method,payment_provider,transaction_date,amount,currency,status,card_last_four,authorization_code,processing_fee
8001,3001,PayPal,PayPal,2023-10-21 10:46:00,1324.89,USD,Completed,,AUTH496504,30.11
8002,3002,Debit Card,Stripe,2024-03-08 12:16:00,1308.39,USD,Completed,8472,AUTH938379,38.23
8003,3003,PayPal,PayPal,2024-01-20 09:16:00,337.04,USD,Completed,,AUTH152367,6.74
8004,3004,Credit Card,Square,2023-08-13 16:13:00,3065.19,USD,Failed,8606,,73.43
8005,3005,PayPal,PayPal,2023-09-07 19:23:00,3387.39,USD,Completed,,AUTH899555,82.49
8006,3006,Debit Card,Stripe,2023-08-18 13:50:00,1012.43,USD,Completed,8337,AUTH721895,24.81
8007,3007,Credit Card,Square,2023-10-05 09:17:00,2741.17,USD,Pending,2458,,66.33
8008,3008,Debit Card,Stripe,2024-03-07 14:04:00,1769.52,USD,Completed,6694,AUTH547354,47.61
8009,3009,Credit Card,Stripe,2023-11-18 20:17:00,2116.17,USD,Completed,6416,AUTH134630,42.81
8010,3010,Credit Card,Stripe,2023-06-06 09:24:00,359.94,USD,Completed,4614,AUTH593103,7.92
8011,3011,Credit Card,Square,2023-07-24 20:59:00,1736.67,USD,Failed,7989,,45.44
8012,3012,Debit Card,Stripe,2023-11-04 17:52:00,642.42,USD,Completed,2800,AUTH765834,16.48
8013,3013,Debit Card,Stripe,2023-11-26 19:36:00,1852.1,USD,Completed,7228,AUTH333559,42.99
8014,3014,Debit Card,Stripe,2023-07-21 08:10:00,1728.23,USD,Completed,8634,AUTH853942,34.7
8015,3015,PayPal,PayPal,2023-11-24 20:47:00,2246.9,USD,Completed,,AUTH269357,56.82
8016,3016,Credit Card,Square,2024-03-30 10:16:00,2854.37,USD,Completed,4381,AUTH547287,65.64
8017,3017,PayPal,PayPal,2023-08-04 10:24:00,963.2,USD,Pending,,PP743911,22.06
8018,3018,Credit Card,Square,2023-12-07 19:49:00,2981.26,USD,Completed,6712,AUTH395376,71.97
8019,3019,Debit Card,Stripe,2024-01-21 10:28:00,3856.64,USD,Completed,6413,AUTH890331,87.23
8020,3020,PayPal,PayPal,2023-10-25 12:27:00,1337.31,USD,Completed,,AUTH422323,36.23
8021,3021,Debit Card,Stripe,2023-07-15 12:26:00,570.44,USD,Completed,6002,AUTH741714,12.1
8022,3022,Credit Card,Stripe,2023-07-11 09:46:00,3207.79,USD,Completed,4972,AUTH974285,86.79
8023,3023,PayPal,PayPal,2024-03-21 08:05:00,1316.86,USD,Completed,,AUTH572792,30.09
8024,3024,Credit Card,Square,2024-02-08 20:55:00,692.34,USD,Pending,5322,,13.97
8025,3025,Debit Card,Stripe,2024-02-16 19:08:00,2438.54,USD,Completed,1782,AUTH722142,56.77
8026,3026,Debit Card,Stripe,2024-02-28 19:07:00,640.73,USD,Completed,8815,AUTH858693,18.81
8027,3027,PayPal,PayPal,2023-09-06 19:00:00,1948.34,USD,Completed,,AUTH265353,40.99
8028,3028,Credit Card,Stripe,2024-02-29 19:22:00,3005.9,USD,Failed,8299,,64.0
8029,3029,PayPal,PayPal,2024-01-16 10:43:00,1546.61,USD,Completed,,AUTH601992,42.71
8030,3030,Credit Card,Square,2023-07-09 13:53:00,977.54,USD,Completed,9496,AUTH464639,21.43
8031,3031,Debit Card,Stripe,2023-06-27 14:31:00,2601.84,USD,Completed,8743,AUTH939230,67.27
8032,3032,PayPal,PayPal,2023-07-28 13:58:00,468.62,USD,Completed,,AUTH110654,9.57
8033,3033,Credit Card,Square,2024-03-03 20:54:00,3497.8,USD,Completed,5987,AUTH500033,102.45
8034,3034,Credit Card,Stripe,2024-02-03 12:16:00,1242.36,USD,Completed,4660,AUTH694095,25.53
8035,3035,Debit Card,Stripe,2024-03-18 14:13:00,1144.38,USD,Completed,6828,AUTH211816,24.45
8036,3036,Debit Card,Stripe,2024-01-24 17:54:00,730.88,USD,Completed,8560,AUTH449509,20.89
8037,3037,Debit Card,Stripe,2023-06-04 17:29:00,1181.95,USD,Completed,7416,AUTH299559,27.55
8038,3038,PayPal,PayPal,2023-07-25 08:22:00,634.78,USD,Completed,,AUTH980366,15.69
8039,3039,Debit Card,Stripe,2023-11-29 08:06:00,2307.22,USD,Completed,8049,AUTH945324,47.96
8040,3040,Credit Card,Stripe,2023-07-14 16:32:00,2462.23,USD,Pending,5277,,66.62
8041,3041,PayPal,PayPal,2024-02-05 08:09:00,4446.24,USD,Completed,,AUTH829560,103.48
8042,3042,Debit Card,Stripe,2024-01-27 14:23:00,1590.64,USD,Completed,2187,AUTH333646,46.68
8043,3043,Debit Card,Stripe,2023-09-02 16:51:00,3637.19,USD,Completed,4353,AUTH411032,105.12
8044,3044,Debit Card,Stripe,2024-01-11 10:08:00,569.91,USD,Completed,3581,AUTH803330,15.62
8045,3045,Credit Card,Stripe,2023-12-01 19:12:00,1653.65,USD,Pending,4193,,38.2
8046,3046,Debit Card,Stripe,2023-06-21 10:25:00,584.6,USD,Completed,7661,AUTH318011,15.53
8047,3047,Credit Card,Stripe,2023-06-17 10:42:00,2776.96,USD,Completed,8385,AUTH848898,71.63
8048,3048,Debit Card,Stripe,2023-10-15 09:26:00,4970.58,USD,Completed,9851,AUTH971571,100.8
8049,3049,Debit Card,Stripe,2023-08-05 13:48:00,961.09,USD,Completed,3307,AUTH696724,27.49
8050,3050,Credit Card,Square,2023-07-27 09:50:00,1525.66,USD,Completed,1821,AUTH260422,44.03
8051,3051,PayPal,PayPal,2023-11-24 16:00:00,772.24,USD,Completed,,AUTH610966,18.83
8052,3052,PayPal,PayPal,2023-11-23 14:38:00,340.37,USD,Completed,,AUTH376295,7.45
8053,3053,Debit Card,Stripe,2024-02-01 12:18:00,2622.45,USD,Completed,6218,AUTH161284,56.52
8054,3054,Credit Card,Square,2024-01-06 11:39:00,1429.59,USD,Pending,3676,,30.91
8055,3055,Debit Card,Stripe,2023-10-22 20:07:00,1130.61,USD,Completed,6543,AUTH289974,27.68
8056,3056,PayPal,PayPal,2024-01-06 11:30:00,721.05,USD,Completed,,AUTH890512,21.07
8057,3057,Credit Card,Stripe,2024-02-13 17:11:00,2503.71,USD,Completed,3186,AUTH645588,74.96
8058,3058,Credit Card,Stripe,2023-08-01 10:25:00,2051.83,USD,Completed,1266,AUTH240972,47.81
8059,3059,PayPal,PayPal,2023-08-14 14:01:00,722.23,USD,Completed,,AUTH110444,16.1
8060,3060,PayPal,PayPal,2023-06-27 14:26:00,1031.67,USD,Completed,,AUTH528124,25.47
8061,3061,Debit Card,Stripe,2023-09-27 11:21:00,2290.64,USD,Completed,3012,AUTH802889,66.45
8062,3062,Credit Card,Square,2024-02-17 14:41:00,107.07,USD,Completed,1175,AUTH558793,3.06
8063,3063,Debit Card,Stripe,2023-10-16 13:17:00,1344.45,USD,Completed,6691,AUTH887379,37.83
8064,3064,Credit Card,Stripe,2023-11-11 08:11:00,1243.83,USD,Pending,1928,,27.04
8065,3065,Debit Card,Stripe,2023-11-12 11:18:00,2534.69,USD,Completed,2281,AUTH281447,73.77
8066,3066,Debit Card,Stripe,2023-07-22 14:11:00,4210.69,USD,Completed,3795,AUTH346402,85.44
8067,3067,Credit Card,Square,2023-11-19 12:07:00,296.53,USD,Completed,3159,AUTH148933,6.31
8068,3068,Credit Card,Square,2024-03-09 20:55:00,1982.96,USD,Completed,1268,AUTH195280,48.67
8069,3069,PayPal,PayPal,2023-12-03 19:49:00,1643.36,USD,Failed,,PP794070,45.97
8070,3070,Debit Card,Stripe,2023-10-20 11:37:00,388.98,USD,Completed,7116,AUTH161330,9.49
8071,3071,PayPal,PayPal,2023-07-25 10:40:00,1125.65,USD,Pending,,PP371521,29.95
8072,3072,Credit Card,Square,2024-03-27 18:52:00,1237.74,USD,Completed,2664,AUTH972097,36.11
8073,3073,PayPal,PayPal,2024-01-15 09:04:00,3382.89,USD,Completed,,AUTH373101,81.66
8074,3074,PayPal,PayPal,2024-01-29 20:12:00,962.07,USD,Pending,,PP152477,22.96
8075,3075,PayPal,PayPal,2023-08-05 11:26:00,1764.4,USD,Completed,,AUTH562113,38.01
8076,3076,Debit Card,Stripe,2024-03-13 13:57:00,2691.6,USD,Completed,6562,AUTH630358,77.31
8077,3077,Debit Card,Stripe,2023-07-31 14:04:00,1301.92,USD,Completed,6188,AUTH727884,26.56
8078,3078,Credit Card,Square,2024-02-13 20:01:00,697.38,USD,Completed,9745,AUTH395433,18.92
8079,3079,PayPal,PayPal,2023-08-06 12:02:00,399.93,USD,Pending,,PP609049,8.99
8080,3080,Debit Card,Stripe,2023-09-06 19:52:00,2416.32,USD,Completed,2250,AUTH933019,52.83
8081,3081,Credit Card,Stripe,2024-02-28 16:04:00,3826.62,USD,Completed,1772,AUTH225017,96.85
8082,3082,Debit Card,Stripe,2024-02-16 14:35:00,1181.14,USD,Completed,6679,AUTH821797,30.15
8083,3083,Credit Card,Stripe,2023-10-18 11:11:00,943.14,USD,Completed,2211,AUTH576488,26.93
8084,3084,Credit Card,Square,2023-09-20 17:44:00,1713.21,USD,Completed,1590,AUTH936698,45.05
8085,3085,Credit Card,Stripe,2024-02-24 12:19:00,730.88,USD,Completed,6775,AUTH208599,18.91
8086,3086,Credit Card,Square,2023-10-16 16:07:00,2417.1,USD,Completed,3919,AUTH727234,56.04
8087,3087,Credit Card,Stripe,2024-02-29 11:18:00,120.66,USD,Completed,3828,AUTH284028,2.58
8088,3088,Credit Card,Square,2023-10-21 10:17:00,646.04,USD,Pending,5170,,14.53
8089,3089,Credit Card,Square,2023-09-16 16:07:00,2467.77,USD,Completed,1351,AUTH478238,70.51
8090,3090,PayPal,PayPal,2023-12-06 13:05:00,1404.3,USD,Completed,,AUTH493929,30.56
8091,3091,PayPal,PayPal,2023-08-08 14:57:00,1588.03,USD,Completed,,AUTH373335,41.15
8092,3092,Credit Card,Square,2023-06-30 18:52:00,570.27,USD,Completed,4151,AUTH304785,15.63
8093,3093,Credit Card,Stripe,2023-10-22 10:16:00,1557.21,USD,Completed,4203,AUTH312186,46.35
8094,3094,PayPal,PayPal,2023-12-13 18:16:00,3882.1,USD,Completed,,AUTH974002,78.36
8095,3095,Debit Card,Stripe,2024-01-13 11:20:00,3421.64,USD,Completed,6416,AUTH112314,77.7
8096,3096,Credit Card,Stripe,2023-12-20 10:28:00,987.56,USD,Completed,1169,AUTH492367,25.81
8097,3097,Debit Card,Stripe,2023-08-15 15:05:00,2489.05,USD,Completed,6723,AUTH174838,65.02
8098,3098,PayPal,PayPal,2023-09-03 10:12:00,2921.51,USD,Completed,,AUTH814993,71.52
8099,3099,Credit Card,Square,2023-09-01 18:18:00,815.73,USD,Completed,3976,AUTH516558,19.8
8100,3100,PayPal,PayPal,2023-08-30 14:43:00,103.26,USD,Completed,,AUTH726768,2.83
8101,3101,Credit Card,Square,2023-08-13 09:27:00,2089.02,USD,Completed,4030,AUTH574323,61.03
8102,3102,PayPal,PayPal,2023-12-24 09:46:00,646.04,USD,Completed,,AUTH278778,13.95
8103,3103,Debit Card,Stripe,2023-06-07 17:06:00,727.88,USD,Completed,1287,AUTH538683,15.14
8104,3104,PayPal,PayPal,2023-07-27 08:48:00,3834.18,USD,Completed,,AUTH187781,82.12
8105,3105,Debit Card,Stripe,2023-10-06 20:05:00,988.59,USD,Completed,7043,AUTH700524,26.94
8106,3106,Credit Card,Stripe,2023-06-07 20:00:00,949.78,USD,Completed,5683,AUTH222710,19.67
8107,3107,Debit Card,Stripe,2023-07-14 11:08:00,1133.09,USD,Completed,3484,AUTH720140,26.26
8108,3108,Debit Card,Stripe,2023-08-23 12:21:00,1672.19,USD,Completed,5003,AUTH585776,44.62
8109,3109,Debit Card,Stripe,2023-06-29 16:44:00,1662.76,USD,Completed,3823,AUTH966824,43.6
8110,3110,Debit Card,Stripe,2023-06-23 09:34:00,1170.95,USD,Completed,3947,AUTH144821,28.47
8111,3111,Credit Card,Stripe,2023-12-30 10:00:00,368.89,USD,Completed,5246,AUTH753789,9.28
8112,3112,Debit Card,Stripe,2024-01-05 14:09:00,1364.97,USD,Completed,4354,AUTH859013,28.76
8113,3113,PayPal,PayPal,2023-12-14 18:56:00,1059.74,USD,Completed,,AUTH701774,26.86
8114,3114,Credit Card,Stripe,2023-08-26 09:14:00,1709.95,USD,Completed,3572,AUTH167352,48.2
8115,3115,Credit Card,Stripe,2023-07-10 17:21:00,1755.77,USD,Completed,3487,AUTH198944,51.79
8116,3116,Credit Card,Stripe,2023-07-14 08:38:00,1027.3,USD,Completed,7096,AUTH885575,23.59
8117,3117,Credit Card,Stripe,2024-02-27 13:38:00,1443.09,USD,Completed,9819,AUTH261117,41.41
8118,3118,Debit Card,Stripe,2023-11-02 17:52:00,2314.86,USD,Completed,7577,AUTH412427,66.98
8119,3119,Debit Card,Stripe,2023-07-24 12:58:00,2931.75,USD,Completed,2797,AUTH656624,68.21
8120,3120,PayPal,PayPal,2023-10-14 20:58:00,1199.5,USD,Completed,,AUTH420439,32.99
8121,3121,PayPal,PayPal,2023-06-02 10:49:00,733.08,USD,Completed,,AUTH507127,15.96
8122,3122,PayPal,PayPal,2023-08-15 14:28:00,2194.26,USD,Completed,,AUTH649891,54.43
8123,3123,Debit Card,Stripe,2023-07-05 09:36:00,1751.64,USD,Completed,7352,AUTH768787,42.07
8124,3124,Credit Card,Square,2023-07-17 13:08:00,2363.02,USD,Completed,2945,AUTH724734,57.55
8125,3125,Debit Card,Stripe,2023-11-11 15:27:00,2043.17,USD,Completed,3953,AUTH217223,53.34
8126,3126,PayPal,PayPal,2023-11-18 10:51:00,132.15,USD,Completed,,AUTH287743,2.74
8127,3127,PayPal,PayPal,2024-01-01 16:31:00,1720.39,USD,Completed,,AUTH823703,35.51
8128,3128,Credit Card,Square,2024-03-01 11:24:00,2579.66,USD,Completed,5144,AUTH657734,57.19
8129,3129,PayPal,PayPal,2024-03-22 20:44:00,1953.39,USD,Completed,,AUTH609185,57.38
8130,3130,Credit Card,Stripe,2023-07-15 11:23:00,2003.16,USD,Completed,8315,AUTH260876,56.6
8131,3131,Debit Card,Stripe,2023-06-09 13:35:00,2483.41,USD,Completed,5549,AUTH703316,66.82
8132,3132,Debit Card,Stripe,2023-07-27 08:58:00,2521.86,USD,Completed,9416,AUTH832230,55.46
8133,3133,Credit Card,Stripe,2023-08-11 12:29:00,1046.22,USD,Completed,8077,AUTH542759,25.21
8134,3134,PayPal,PayPal,2023-09-16 11:03:00,1533.48,USD,Completed,,AUTH165418,30.75
8135,3135,Credit Card,Stripe,2023-08-13 14:46:00,1474.6,USD,Completed,9834,AUTH453014,32.34
8136,3136,PayPal,PayPal,2023-06-28 19:06:00,2767.43,USD,Completed,,AUTH201042,55.46
8137,3137,Debit Card,Stripe,2023-08-20 08:09:00,4306.81,USD,Completed,3940,AUTH383275,96.66
8138,3138,PayPal,PayPal,2023-10-04 09:00:00,293.58,USD,Completed,,AUTH102003,8.62
8139,3139,Credit Card,Stripe,2023-09-02 15:47:00,1042.89,USD,Pending,3800,,27.74
8140,3140,Debit Card,Stripe,2023-12-28 19:21:00,852.14,USD,Completed,7522,AUTH659920,22.99
8141,3141,PayPal,PayPal,2023-07-27 10:03:00,148.95,USD,Completed,,AUTH893023,3.63
8142,3142,Credit Card,Stripe,2023-08-28 16:10:00,1576.6,USD,Pending,3905,,44.84
8143,3143,Debit Card,Stripe,2024-01-03 18:56:00,3374.04,USD,Pending,9218,,88.04
8144,3144,PayPal,PayPal,2024-03-19 16:19:00,1289.31,USD,Completed,,AUTH313748,28.55
8145,3145,PayPal,PayPal,2023-08-20 12:05:00,2447.18,USD,Completed,,AUTH883269,50.98
8146,3146,Debit Card,Stripe,2023-08-04 19:13:00,486.3,USD,Completed,9885,AUTH950736,13.37
8147,3147,PayPal,PayPal,2023-12-18 10:52:00,1464.51,USD,Completed,,AUTH576971,30.82
8148,3148,PayPal,PayPal,2024-01-26 15:20:00,2322.24,USD,Completed,,AUTH914713,48.97
8149,3149,Debit Card,Stripe,2023-12-12 10:03:00,4078.01,USD,Completed,9287,AUTH929530,87.96
8150,3150,Credit Card,Stripe,2023-10-17 09:06:00,1942.41,USD,Completed,3496,AUTH203965,51.92
8151,3151,Debit Card,Stripe,2023-11-19 08:15:00,2512.86,USD,Completed,4061,AUTH583484,68.78
8152,3152,PayPal,PayPal,2023-07-25 09:13:00,2753.38,USD,Completed,,AUTH441171,74.57
8153,3153,Credit Card,Stripe,2023-11-06 11:35:00,3138.74,USD,Completed,8901,AUTH616956,74.88
8154,3154,PayPal,PayPal,2023-10-16 09:36:00,4252.89,USD,Completed,,AUTH759711,115.82
8155,3155,Debit Card,Stripe,2024-02-03 08:03:00,2377.43,USD,Completed,9818,AUTH648034,49.94
8156,3156,Debit Card,Stripe,2023-11-06 08:22:00,1787.42,USD,Completed,2229,AUTH751343,38.03
8157,3157,Debit Card,Stripe,2023-09-08 13:48:00,794.76,USD,Failed,2913,,19.56
8158,3158,Credit Card,Stripe,2023-08-06 19:43:00,1719.01,USD,Completed,7864,AUTH707707,49.05
8159,3159,Credit Card,Stripe,2024-02-13 09:32:00,1158.36,USD,Completed,5897,AUTH466942,30.82
8160,3160,Credit Card,Stripe,2023-12-13 15:37:00,3092.19,USD,Completed,1272,AUTH850980,87.26
8161,3161,Credit Card,Stripe,2023-08-17 18:29:00,2820.38,USD,Completed,7174,AUTH486546,76.04
8162,3162,PayPal,PayPal,2023-09-27 11:51:00,1783.35,USD,Completed,,AUTH900817,38.71
8163,3163,PayPal,PayPal,2023-08-22 16:33:00,1825.21,USD,Completed,,AUTH198776,39.03
8164,3164,Debit Card,Stripe,2023-08-07 13:18:00,3052.95,USD,Completed,9310,AUTH721990,78.32
8165,3165,PayPal,PayPal,2023-12-16 11:13:00,975.12,USD,Completed,,AUTH334373,25.38
8166,3166,Debit Card,Stripe,2023-08-18 17:40:00,466.04,USD,Completed,1147,AUTH901108,11.39
8167,3167,Debit Card,Stripe,2023-06-08 10:49:00,2162.16,USD,Pending,1368,,52.87
8168,3168,Credit Card,Square,2023-07-19 15:20:00,778.13,USD,Completed,7750,AUTH543601,20.16
8169,3169,Debit Card,Stripe,2023-07-05 12:36:00,3479.16,USD,Completed,8174,AUTH701981,91.11
8170,3170,Debit Card,Stripe,2023-07-07 10:45:00,3912.52,USD,Completed,1063,AUTH680120,108.84
8171,3171,Debit Card,Stripe,2023-10-10 20:56:00,1754.52,USD,Completed,9159,AUTH367292,44.9
8172,3172,Credit Card,Square,2023-08-03 17:31:00,280.58,USD,Completed,2233,AUTH633786,6.15
8173,3173,PayPal,PayPal,2023-10-25 14:26:00,363.68,USD,Completed,,AUTH584487,8.16
8174,3174,PayPal,PayPal,2023-12-05 16:54:00,362.44,USD,Completed,,AUTH760512,8.49
8175,3175,PayPal,PayPal,2023-07-13 18:26:00,3121.87,USD,Completed,,AUTH662492,87.68
8176,3176,Credit Card,Stripe,2023-06-22 17:41:00,1675.8,USD,Failed,5799,,46.53
8177,3177,Credit Card,Stripe,2024-03-14 08:09:00,2480.18,USD,Completed,6177,AUTH110356,69.25
8178,3178,Credit Card,Stripe,2023-08-21 17:25:00,1525.38,USD,Completed,9433,AUTH945365,36.53
8179,3179,Debit Card,Stripe,2024-01-23 18:05:00,1560.69,USD,Completed,3800,AUTH224012,44.26
8180,3180,Credit Card,Stripe,2024-02-29 15:06:00,412.49,USD,Completed,3286,AUTH580961,8.41
8181,3181,Debit Card,Stripe,2023-07-26 14:49:00,1616.69,USD,Completed,2002,AUTH118956,45.91
8182,3182,Debit Card,Stripe,2023-11-16 09:20:00,5405.5,USD,Completed,5139,AUTH475987,136.22
8183,3183,Debit Card,Stripe,2024-01-30 09:17:00,1509.58,USD,Completed,9841,AUTH700974,38.58
8184,3184,PayPal,PayPal,2023-08-19 15:09:00,1417.52,USD,Completed,,AUTH419942,37.8
8185,3185,Debit Card,Stripe,2024-03-17 08:38:00,4869.4,USD,Completed,8761,AUTH374634,137.97
8186,3186,Debit Card,Stripe,2023-12-03 20:27:00,2289.55,USD,Completed,7815,AUTH348053,46.12
8187,3187,PayPal,PayPal,2023-09-17 08:48:00,335.26,USD,Completed,,AUTH113343,6.86
8188,3188,Credit Card,Stripe,2023-10-08 18:11:00,1649.67,USD,Completed,6651,AUTH855188,39.43
8189,3189,Debit Card,Stripe,2023-10-19 14:05:00,712.0,USD,Completed,6830,AUTH776383,15.69
8190,3190,PayPal,PayPal,2024-01-01 16:13:00,1177.8,USD,Completed,,AUTH201807,30.13
8191,3191,Debit Card,Stripe,2023-06-28 09:57:00,973.59,USD,Completed,9869,AUTH797267,27.7
8192,3192,Debit Card,Stripe,2023-10-31 10:12:00,1258.32,USD,Completed,1848,AUTH627070,34.74
8193,3193,Credit Card,Stripe,2024-01-30 16:44:00,453.3,USD,Completed,9696,AUTH595037,9.8
8194,3194,Credit Card,Stripe,2024-03-19 14:52:00,3479.13,USD,Completed,4343,AUTH548504,82.54
8195,3195,Debit Card,Stripe,2024-03-23 17:09:00,1345.32,USD,Completed,5446,AUTH409986,30.98
8196,3196,Credit Card,Square,2023-08-17 15:59:00,1060.96,USD,Completed,1708,AUTH512504,26.35
8197,3197,PayPal,PayPal,2023-11-10 09:50:00,1703.04,USD,Failed,,PP685761,49.43
8198,3198,Debit Card,Stripe,2024-02-22 19:00:00,1961.41,USD,Completed,7131,AUTH272841,45.13
8199,3199,Credit Card,Stripe,2024-01-17 18:37:00,2418.89,USD,Completed,3065,AUTH222504,56.21
8200,3200,PayPal,PayPal,2023-09-05 14:44:00,3127.62,USD,Completed,,AUTH557376,89.83
8201,3201,Credit Card,Stripe,2023-12-11 11:22:00,580.88,USD,Completed,7970,AUTH905430,12.65
8202,3202,Debit Card,Stripe,2024-03-22 08:23:00,2249.1,USD,Completed,1129,AUTH447902,50.29
8203,3203,Credit Card,Square,2023-11-05 16:52:00,3174.56,USD,Completed,1481,AUTH371182,79.33
8204,3204,Debit Card,Stripe,2024-01-20 14:26:00,2524.63,USD,Pending,5973,,64.16
8205,3205,Debit Card,Stripe,2024-03-04 14:33:00,3391.62,USD,Completed,4650,AUTH729965,82.66
8206,3206,Debit Card,Stripe,2023-08-30 15:27:00,1584.3,USD,Completed,4797,AUTH660335,35.25
8207,3207,Debit Card,Stripe,2023-08-23 16:27:00,3198.0,USD,Completed,2340,AUTH243843,73.15
8208,3208,PayPal,PayPal,2024-01-10 18:18:00,407.7,USD,Completed,,AUTH274298,11.01
8209,3209,Credit Card,Stripe,2023-07-24 09:41:00,2315.83,USD,Completed,5081,AUTH513544,49.27
8210,3210,PayPal,PayPal,2024-02-10 19:48:00,1352.53,USD,Pending,,PP171292,39.62
8211,3211,Credit Card,Square,2024-01-14 16:37:00,2877.44,USD,Completed,3345,AUTH764070,85.46
8212,3212,Debit Card,Stripe,2024-01-02 11:14:00,886.83,USD,Completed,5435,AUTH662111,23.43
8213,3213,Debit Card,Stripe,2023-09-09 15:07:00,1722.4,USD,Completed,6259,AUTH846969,46.08
8214,3214,Credit Card,Square,2023-12-20 08:23:00,2777.74,USD,Completed,6001,AUTH278584,74.48
8215,3215,Debit Card,Stripe,2023-10-14 12:53:00,2649.86,USD,Completed,6122,AUTH206328,63.76
8216,3216,Credit Card,Square,2023-12-30 08:00:00,1054.56,USD,Completed,2376,AUTH570419,21.79
8217,3217,PayPal,PayPal,2023-12-09 16:52:00,1467.53,USD,Pending,,PP654794,41.85
8218,3218,Credit Card,Stripe,2023-08-27 17:27:00,2025.11,USD,Completed,2519,AUTH370874,49.58
8219,3219,PayPal,PayPal,2023-12-19 08:51:00,2037.15,USD,Completed,,AUTH341509,56.32
8220,3220,Debit Card,Stripe,2023-12-17 19:11:00,918.18,USD,Completed,3312,AUTH412017,22.39
8221,3221,Credit Card,Square,2023-08-21 14:14:00,1986.69,USD,Completed,8557,AUTH224867,46.81
8222,3222,Debit Card,Stripe,2023-07-31 18:36:00,946.22,USD,Completed,8527,AUTH309126,21.38
8223,3223,Credit Card,Stripe,2024-03-10 10:20:00,4279.15,USD,Completed,4790,AUTH612051,107.43
8224,3224,PayPal,PayPal,2023-06-14 14:00:00,819.72,USD,Completed,,AUTH230874,20.74
8225,3225,Debit Card,Stripe,2024-03-05 09:36:00,2055.16,USD,Completed,2124,AUTH821819,45.23
8226,3226,PayPal,PayPal,2023-08-06 15:40:00,628.61,USD,Completed,,AUTH139252,15.8
8227,3227,Credit Card,Stripe,2023-10-01 18:57:00,879.35,USD,Completed,2119,AUTH469755,24.57
8228,3228,Debit Card,Stripe,2024-03-01 11:46:00,1082.57,USD,Completed,4216,AUTH110111,24.74
8229,3229,Credit Card,Square,2023-06-27 12:05:00,4584.28,USD,Completed,2025,AUTH428687,100.01
8230,3230,Debit Card,Stripe,2024-03-23 09:07:00,1488.87,USD,Completed,7694,AUTH442585,42.16
8231,3231,Credit Card,Stripe,2023-08-12 12:16:00,89.93,USD,Pending,4709,,2.23
8232,3232,Credit Card,Stripe,2024-02-09 13:58:00,2281.95,USD,Completed,2759,AUTH473545,55.33
8233,3233,Debit Card,Stripe,2024-02-07 20:01:00,1350.84,USD,Completed,5574,AUTH500048,33.72
8234,3234,Debit Card,Stripe,2023-07-10 11:43:00,3791.92,USD,Completed,7207,AUTH270483,98.31
8235,3235,Debit Card,Stripe,2023-11-08 18:58:00,2099.81,USD,Completed,2069,AUTH425469,46.71
8236,3236,Credit Card,Square,2023-10-31 08:57:00,5041.29,USD,Completed,5209,AUTH494338,132.54
8237,3237,PayPal,PayPal,2023-11-23 13:30:00,495.19,USD,Completed,,AUTH458041,10.16
8238,3238,Credit Card,Stripe,2024-02-23 19:16:00,1754.52,USD,Completed,2837,AUTH150566,44.43
8239,3239,PayPal,PayPal,2023-06-16 16:01:00,456.24,USD,Completed,,AUTH705489,9.2
8240,3240,Credit Card,Stripe,2023-12-04 09:57:00,2044.31,USD,Completed,6576,AUTH271678,42.83
8241,3241,PayPal,PayPal,2023-08-10 11:05:00,1899.74,USD,Completed,,AUTH529495,50.6
8242,3242,Credit Card,Square,2023-10-19 15:12:00,705.7,USD,Pending,3788,,18.7
8243,3243,Debit Card,Stripe,2024-03-09 18:18:00,3519.07,USD,Completed,9431,AUTH914197,88.56
8244,3244,Credit Card,Square,2024-02-18 14:59:00,1028.28,USD,Completed,8176,AUTH278988,26.33
8245,3245,PayPal,PayPal,2023-09-10 18:54:00,2595.69,USD,Completed,,AUTH614094,60.44
8246,3246,PayPal,PayPal,2023-12-19 09:37:00,5237.22,USD,Completed,,AUTH232559,154.26
8247,3247,Debit Card,Stripe,2023-09-14 19:31:00,2468.28,USD,Completed,1841,AUTH287852,52.91
8248,3248,Credit Card,Square,2023-10-18 13:39:00,89.89,USD,Completed,8581,AUTH866643,2.28
8249,3249,Debit Card,Stripe,2023-09-11 17:22:00,493.62,USD,Completed,5902,AUTH654504,12.54
8250,3250,Debit Card,Stripe,2023-08-25 08:32:00,3299.39,USD,Pending,8571,,66.46
8251,3251,Credit Card,Square,2024-02-27 13:25:00,973.74,USD,Completed,9669,AUTH413785,28.39
8252,3252,Credit Card,Square,2023-11-13 14:50:00,1901.16,USD,Pending,2620,,53.04
8253,3253,Debit Card,Stripe,2023-07-08 11:42:00,456.24,USD,Completed,3619,AUTH648481,13.66
8254,3254,Debit Card,Stripe,2023-11-08 09:00:00,393.09,USD,Completed,4565,AUTH769196,7.98
8255,3255,PayPal,PayPal,2023-11-16 11:29:00,3490.22,USD,Completed,,AUTH990158,88.53
8256,3256,Debit Card,Stripe,2023-09-28 16:04:00,658.72,USD,Completed,9055,AUTH974818,16.72
8257,3257,Credit Card,Square,2023-09-17 16:13:00,3002.84,USD,Pending,6514,,77.37
8258,3258,PayPal,PayPal,2023-07-09 17:57:00,430.88,USD,Completed,,AUTH747176,11.45
8259,3259,Debit Card,Stripe,2024-01-09 13:52:00,3695.23,USD,Completed,8295,AUTH590744,95.23
8260,3260,Debit Card,Stripe,2023-06-26 20:31:00,1934.13,USD,Completed,7966,AUTH543504,50.0
8261,3261,Debit Card,Stripe,2024-01-02 09:07:00,3707.2,USD,Completed,7122,AUTH193774,97.43
8262,3262,Credit Card,Square,2023-11-15 17:24:00,2807.07,USD,Completed,9822,AUTH887331,56.72
8263,3263,PayPal,PayPal,2023-06-10 18:50:00,1822.82,USD,Failed,,PP112466,50.47
8264,3264,Debit Card,Stripe,2024-01-23 12:08:00,1315.81,USD,Completed,7464,AUTH120945,36.13
8265,3265,Debit Card,Stripe,2024-02-29 16:02:00,1851.38,USD,Completed,4950,AUTH925506,47.85
8266,3266,Debit Card,Stripe,2024-01-27 09:53:00,3623.84,USD,Completed,9726,AUTH231753,103.38
8267,3267,Debit Card,Stripe,2023-11-10 20:22:00,1932.14,USD,Completed,6163,AUTH466542,40.99
8268,3268,Credit Card,Square,2023-11-08 15:39:00,2048.94,USD,Completed,1967,AUTH823605,51.86
8269,3269,PayPal,PayPal,2024-01-19 15:54:00,402.54,USD,Pending,,PP852016,8.55
8270,3270,Credit Card,Square,2023-12-09 17:06:00,810.24,USD,Completed,3222,AUTH413877,17.92
8271,3271,Debit Card,Stripe,2023-06-06 10:06:00,301.52,USD,Completed,2141,AUTH459924,8.84
8272,3272,PayPal,PayPal,2023-08-27 09:12:00,1753.64,USD,Completed,,AUTH894323,42.12
8273,3273,PayPal,PayPal,2024-03-02 08:59:00,3129.29,USD,Completed,,AUTH823734,73.5
8274,3274,Debit Card,Stripe,2023-06-23 09:03:00,3978.16,USD,Completed,4424,AUTH470388,89.19
8275,3275,Debit Card,Stripe,2023-11-16 19:39:00,2489.33,USD,Completed,6470,AUTH671004,57.8
8276,3276,Debit Card,Stripe,2023-08-27 10:37:00,13.06,USD,Completed,5782,AUTH572239,0.35
8277,3277,PayPal,PayPal,2023-11-11 10:48:00,222.8,USD,Completed,,AUTH504576,6.28
8278,3278,PayPal,PayPal,2024-01-15 18:07:00,1241.37,USD,Completed,,AUTH695695,27.14
8279,3279,Debit Card,Stripe,2024-01-31 18:31:00,2560.86,USD,Completed,2895,AUTH206180,60.94
8280,3280,Debit Card,Stripe,2024-02-03 11:05:00,217.77,USD,Completed,1697,AUTH792085,4.65
8281,3281,Credit Card,Stripe,2023-07-13 13:35:00,2114.96,USD,Completed,3977,AUTH579131,42.9
8282,3282,Credit Card,Stripe,2023-07-10 09:31:00,2773.61,USD,Completed,7911,AUTH902904,73.51
8283,3283,Debit Card,Stripe,2023-09-19 15:52:00,2482.89,USD,Completed,5085,AUTH409314,54.05
8284,3284,PayPal,PayPal,2023-07-24 13:13:00,2613.21,USD,Completed,,AUTH367268,58.97
8285,3285,PayPal,PayPal,2023-11-07 19:29:00,4050.91,USD,Completed,,AUTH209935,106.27
8286,3286,Credit Card,Square,2024-02-14 09:58:00,1798.46,USD,Failed,6297,,47.38
8287,3287,PayPal,PayPal,2023-12-04 14:28:00,883.98,USD,Completed,,AUTH957877,23.29
8288,3288,Debit Card,Stripe,2023-12-22 11:04:00,2400.21,USD,Completed,5351,AUTH144935,71.41
8289,3289,Credit Card,Stripe,2023-11-05 17:41:00,1042.14,USD,Completed,9959,AUTH101281,22.25
8290,3290,Credit Card,Stripe,2023-07-25 19:07:00,3474.77,USD,Completed,3338,AUTH610243,84.08
8291,3291,Credit Card,Square,2024-01-22 10:17:00,148.15,USD,Completed,9341,AUTH207425,3.35
8292,3292,Debit Card,Stripe,2024-02-27 15:22:00,2447.48,USD,Completed,8426,AUTH221696,61.89
8293,3293,Debit Card,Stripe,2024-03-08 09:22:00,1633.2,USD,Completed,4463,AUTH122657,42.06
8294,3294,PayPal,PayPal,2023-12-21 16:27:00,1107.43,USD,Completed,,AUTH521665,25.03
8295,3295,Credit Card,Stripe,2024-01-12 12:23:00,2886.31,USD,Completed,3836,AUTH630219,73.21
8296,3296,Debit Card,Stripe,2023-12-13 19:59:00,3088.32,USD,Pending,9341,,75.8
8297,3297,PayPal,PayPal,2023-09-05 14:11:00,1605.56,USD,Pending,,PP891044,47.54
8298,3298,Credit Card,Stripe,2024-02-08 16:27:00,2934.08,USD,Pending,4885,,83.07
8299,3299,Credit Card,Square,2023-10-06 09:14:00,1657.24,USD,Completed,8433,AUTH242380,47.16
8300,3300,Credit Card,Stripe,2023-06-19 17:17:00,434.03,USD,Completed,4220,AUTH122306,11.47
8301,3301,PayPal,PayPal,2023-07-22 12:14:00,2447.74,USD,Completed,,AUTH687150,73.07
8302,3302,PayPal,PayPal,2023-12-19 09:14:00,1924.31,USD,Completed,,AUTH979905,54.5
8303,3303,Credit Card,Square,2023-09-14 10:50:00,1913.22,USD,Completed,1575,AUTH312960,44.1
8304,3304,Debit Card,Stripe,2023-10-26 19:38:00,774.23,USD,Completed,9564,AUTH168163,19.41
8305,3305,PayPal,PayPal,2023-09-03 16:58:00,1425.6,USD,Completed,,AUTH564715,37.81
8306,3306,Credit Card,Square,2023-11-04 19:15:00,2898.74,USD,Failed,4644,,79.2
8307,3307,Debit Card,Stripe,2023-07-06 10:11:00,4490.85,USD,Completed,8780,AUTH571342,90.44
8308,3308,Debit Card,Stripe,2023-06-07 18:30:00,1749.41,USD,Completed,1138,AUTH734433,35.21
8309,3309,Credit Card,Stripe,2023-08-30 12:56:00,818.4,USD,Pending,6719,,17.95
8310,3310,Debit Card,Stripe,2023-06-05 17:22:00,2758.87,USD,Failed,4052,,70.21
8311,3311,Credit Card,Square,2023-10-05 15:07:00,627.19,USD,Completed,5333,AUTH925779,13.59
8312,3312,PayPal,PayPal,2023-10-27 11:33:00,3351.92,USD,Pending,,PP171114,89.0
8313,3313,Credit Card,Stripe,2023-08-15 20:06:00,1364.07,USD,Pending,4811,,39.48
8314,3314,PayPal,PayPal,2023-11-19 15:31:00,2515.35,USD,Completed,,AUTH473397,61.63
8315,3315,Debit Card,Stripe,2023-10-10 18:31:00,1212.72,USD,Completed,5579,AUTH169504,24.49
8316,3316,PayPal,PayPal,2023-06-07 13:19:00,3149.1,USD,Completed,,AUTH979614,85.16
8317,3317,PayPal,PayPal,2024-02-21 20:42:00,312.55,USD,Completed,,AUTH267311,7.1
8318,3318,PayPal,PayPal,2023-10-17 18:33:00,1718.98,USD,Completed,,AUTH774492,35.67
8319,3319,Credit Card,Square,2023-12-28 11:42:00,788.54,USD,Completed,6071,AUTH203589,23.3
8320,3320,PayPal,PayPal,2023-06-16 11:36:00,320.88,USD,Completed,,AUTH390505,8.16
8321,3321,Credit Card,Square,2023-09-14 19:05:00,3455.05,USD,Completed,8776,AUTH258359,94.82
8322,3322,PayPal,PayPal,2023-07-26 12:56:00,2112.98,USD,Pending,,PP702235,50.86
8323,3323,PayPal,PayPal,2024-02-25 10:16:00,1111.89,USD,Completed,,AUTH181923,33.27
8324,3324,Debit Card,Stripe,2023-11-17 14:37:00,1550.19,USD,Completed,4039,AUTH403680,31.22
8325,3325,PayPal,PayPal,2023-09-06 08:37:00,1205.02,USD,Completed,,AUTH204520,25.4
8326,3326,Debit Card,Stripe,2023-08-02 14:50:00,2765.05,USD,Completed,6004,AUTH501155,69.84
8327,3327,PayPal,PayPal,2023-07-27 08:31:00,2337.29,USD,Completed,,AUTH325561,47.92
8328,3328,PayPal,PayPal,2023-08-16 16:18:00,3378.79,USD,Completed,,AUTH518755,82.73
8329,3329,Debit Card,Stripe,2024-02-05 12:04:00,2365.85,USD,Completed,3481,AUTH916878,48.15
8330,3330,PayPal,PayPal,2023-06-21 11:18:00,3763.92,USD,Completed,,AUTH347931,89.99
8331,3331,Debit Card,Stripe,2024-02-06 12:00:00,1201.14,USD,Completed,2148,AUTH698989,28.35
8332,3332,Credit Card,Square,2023-06-01 08:16:00,2203.12,USD,Failed,1510,,44.28
8333,3333,PayPal,PayPal,2023-10-24 20:54:00,3704.61,USD,Completed,,AUTH428192,75.2
8334,3334,Credit Card,Stripe,2023-07-15 19:17:00,2601.32,USD,Completed,3237,AUTH449740,76.88
8335,3335,Credit Card,Stripe,2024-03-26 09:18:00,844.03,USD,Completed,8559,AUTH326689,22.07
8336,3336,PayPal,PayPal,2023-11-29 11:51:00,1736.28,USD,Completed,,AUTH916518,35.33
8337,3337,Debit Card,Stripe,2023-12-22 09:57:00,1199.5,USD,Completed,2532,AUTH214459,26.44
8338,3338,Debit Card,Stripe,2023-11-07 10:36:00,532.0,USD,Completed,9344,AUTH595571,15.35
8339,3339,Credit Card,Square,2024-03-23 10:43:00,1429.59,USD,Completed,4041,AUTH225777,28.95
8340,3340,Debit Card,Stripe,2023-12-31 16:12:00,246.33,USD,Completed,5576,AUTH879596,5.93
8341,3341,PayPal,PayPal,2023-10-31 17:59:00,380.62,USD,Failed,,PP216349,9.78
8342,3342,Debit Card,Stripe,2023-09-02 14:50:00,3569.28,USD,Completed,1103,AUTH576879,80.55
8343,3343,Debit Card,Stripe,2024-02-25 15:44:00,590.57,USD,Completed,3370,AUTH965130,13.14
8344,3344,Debit Card,Stripe,2023-11-29 14:29:00,3405.11,USD,Completed,3158,AUTH292588,80.38
8345,3345,Debit Card,Stripe,2023-06-15 16:01:00,2295.69,USD,Completed,1252,AUTH251069,53.77
8346,3346,Debit Card,Stripe,2023-08-11 17:58:00,2615.59,USD,Pending,5421,,72.07
8347,3347,PayPal,PayPal,2024-02-18 13:08:00,5373.84,USD,Failed,,PP796588,146.73
8348,3348,PayPal,PayPal,2023-12-19 10:25:00,1340.41,USD,Completed,,AUTH963285,32.79
8349,3349,Credit Card,Square,2024-02-21 15:53:00,979.13,USD,Pending,7157,,25.62
8350,3350,Debit Card,Stripe,2023-10-17 18:06:00,2583.26,USD,Completed,7892,AUTH772716,67.82
8351,3351,PayPal,PayPal,2023-10-27 17:30:00,4157.13,USD,Completed,,AUTH236891,102.69
8352,3352,PayPal,PayPal,2023-07-02 09:47:00,1417.18,USD,Completed,,AUTH731953,39.94
8353,3353,PayPal,PayPal,2023-09-13 16:09:00,1574.82,USD,Failed,,PP810019,33.61
8354,3354,Credit Card,Square,2023-09-23 18:40:00,2402.44,USD,Completed,6883,AUTH712731,61.02
8355,3355,Credit Card,Stripe,2023-11-07 19:59:00,175.41,USD,Completed,3153,AUTH210906,3.69
8356,3356,Credit Card,Stripe,2023-09-11 09:04:00,1921.53,USD,Completed,9798,AUTH709686,56.15
8357,3357,Credit Card,Stripe,2023-08-01 16:06:00,2697.17,USD,Completed,8042,AUTH666747,77.7
8358,3358,PayPal,PayPal,2024-01-29 08:53:00,1938.3,USD,Completed,,AUTH941307,49.15
8359,3359,Debit Card,Stripe,2023-06-29 09:19:00,1262.4,USD,Completed,8011,AUTH929595,36.34
8360,3360,PayPal,PayPal,2023-09-29 16:16:00,296.53,USD,Completed,,AUTH586129,7.06
8361,3361,PayPal,PayPal,2023-08-03 14:09:00,2486.24,USD,Pending,,PP624497,62.79
8362,3362,Credit Card,Square,2023-08-12 19:42:00,1525.82,USD,Completed,1387,AUTH636002,41.95
8363,3363,Debit Card,Stripe,2024-03-06 11:30:00,1166.6,USD,Completed,2451,AUTH691978,24.61
8364,3364,Debit Card,Stripe,2023-07-22 17:31:00,531.69,USD,Completed,3140,AUTH189919,12.96
8365,3365,Credit Card,Stripe,2023-12-15 19:51:00,3455.3,USD,Completed,9668,AUTH963900,95.66
8366,3366,Debit Card,Stripe,2024-01-04 10:01:00,1173.92,USD,Completed,3094,AUTH974098,25.8
8367,3367,PayPal,PayPal,2024-03-15 14:00:00,2622.14,USD,Failed,,PP392135,66.61
8368,3368,Debit Card,Stripe,2024-01-14 08:58:00,1684.98,USD,Completed,1640,AUTH628660,36.36
8369,3369,Credit Card,Stripe,2024-01-21 12:00:00,830.0,USD,Completed,9647,AUTH530145,19.24
8370,3370,PayPal,PayPal,2024-02-13 11:22:00,3564.43,USD,Completed,,AUTH849119,101.79
8371,3371,Credit Card,Stripe,2023-07-03 10:41:00,917.74,USD,Completed,3727,AUTH308983,25.18
8372,3372,PayPal,PayPal,2024-03-15 13:29:00,1134.16,USD,Completed,,AUTH878613,24.37
8373,3373,PayPal,PayPal,2023-11-03 14:04:00,265.3,USD,Completed,,AUTH444827,5.31
8374,3374,Credit Card,Stripe,2024-01-28 17:42:00,1695.68,USD,Completed,1032,AUTH163920,34.26
8375,3375,Debit Card,Stripe,2023-11-13 17:37:00,435.28,USD,Completed,5779,AUTH879906,11.81
8376,3376,PayPal,PayPal,2023-06-24 08:54:00,1623.91,USD,Completed,,AUTH722585,34.28
8377,3377,Debit Card,Stripe,2023-07-20 18:06:00,817.25,USD,Completed,9537,AUTH699509,22.62
8378,3378,PayPal,PayPal,2023-09-27 20:51:00,1477.91,USD,Completed,,AUTH224896,35.56
8379,3379,Debit Card,Stripe,2023-08-29 19:57:00,762.22,USD,Completed,2512,AUTH503159,19.57
8380,3380,Debit Card,Stripe,2023-07-03 08:39:00,399.61,USD,Completed,3275,AUTH818810,9.97
8381,3381,Debit Card,Stripe,2023-07-08 15:48:00,425.82,USD,Completed,9715,AUTH910899,10.97
8382,3382,PayPal,PayPal,2023-08-29 13:06:00,2537.67,USD,Completed,,AUTH747785,51.89
8383,3383,PayPal,PayPal,2023-08-08 18:36:00,758.96,USD,Completed,,AUTH868664,17.74
8384,3384,PayPal,PayPal,2023-10-08 15:28:00,758.08,USD,Pending,,PP674214,18.39
8385,3385,Debit Card,Stripe,2023-09-12 19:10:00,1542.4,USD,Completed,1665,AUTH153123,31.2
8386,3386,PayPal,PayPal,2024-03-25 08:40:00,97.86,USD,Completed,,AUTH361138,2.38
8387,3387,Credit Card,Stripe,2023-06-18 20:08:00,3759.88,USD,Completed,5002,AUTH567318,78.3
8388,3388,Credit Card,Stripe,2023-12-26 17:34:00,1708.86,USD,Completed,2395,AUTH433804,35.76
8389,3389,Credit Card,Square,2024-02-26 15:12:00,1545.64,USD,Completed,6402,AUTH625597,33.1
8390,3390,PayPal,PayPal,2023-11-28 13:39:00,2209.76,USD,Completed,,AUTH119053,48.37
8391,3391,PayPal,PayPal,2023-07-05 15:27:00,849.51,USD,Completed,,AUTH797020,17.09
8392,3392,Credit Card,Square,2023-07-07 17:05:00,1353.38,USD,Completed,4918,AUTH391225,32.66
8393,3393,Credit Card,Stripe,2023-07-31 15:14:00,297.9,USD,Completed,7145,AUTH702673,7.77
8394,3394,Debit Card,Stripe,2023-09-23 12:59:00,949.07,USD,Completed,5478,AUTH524067,23.08
8395,3395,Credit Card,Stripe,2023-12-01 09:55:00,3095.5,USD,Completed,2564,AUTH161404,78.95
8396,3396,PayPal,PayPal,2024-02-29 17:15:00,2918.49,USD,Pending,,PP856041,58.84
8397,3397,Credit Card,Stripe,2023-06-30 16:44:00,369.93,USD,Completed,9832,AUTH196051,9.95
8398,3398,Credit Card,Stripe,2023-10-13 18:01:00,333.42,USD,Pending,4645,,8.38
8399,3399,Credit Card,Square,2023-10-12 11:21:00,2997.29,USD,Failed,3445,,88.75
8400,3400,PayPal,PayPal,2024-03-07 19:21:00,2131.43,USD,Completed,,AUTH656666,50.02
8401,3401,PayPal,PayPal,2024-02-08 09:51:00,677.75,USD,Completed,,AUTH822287,15.76
8402,3402,PayPal,PayPal,2023-07-07 14:38:00,1813.88,USD,Completed,,AUTH928027,52.83
8403,3403,Debit Card,Stripe,2024-03-09 15:08:00,3780.55,USD,Completed,3617,AUTH333066,88.63
8404,3404,Credit Card,Square,2023-06-19 15:32:00,3236.64,USD,Completed,5827,AUTH191425,69.89
8405,3405,Credit Card,Stripe,2024-01-31 12:50:00,64.98,USD,Failed,3285,,1.66
8406,3406,Credit Card,Square,2023-06-29 08:49:00,368.27,USD,Completed,2903,AUTH819971,8.91
8407,3407,Credit Card,Stripe,2023-06-10 16:30:00,430.88,USD,Completed,6363,AUTH462756,11.05
8408,3408,Debit Card,Stripe,2023-12-11 19:08:00,1214.1,USD,Completed,7513,AUTH219980,35.01
8409,3409,Credit Card,Stripe,2023-08-10 09:28:00,2908.56,USD,Completed,3832,AUTH329704,59.78
8410,3410,Credit Card,Square,2023-09-08 13:27:00,2101.47,USD,Completed,1881,AUTH189394,44.71
8411,3411,Credit Card,Stripe,2023-07-18 17:00:00,902.84,USD,Completed,8508,AUTH190875,18.32
8412,3412,Credit Card,Stripe,2024-03-01 17:02:00,3856.49,USD,Completed,3083,AUTH695379,105.48
8413,3413,Credit Card,Square,2023-06-30 09:03:00,407.83,USD,Completed,2467,AUTH231169,8.28
8414,3414,Debit Card,Stripe,2023-10-23 08:20:00,3943.38,USD,Pending,7131,,79.32
8415,3415,Debit Card,Stripe,2023-08-06 17:25:00,2655.65,USD,Completed,6326,AUTH335288,78.49
8416,3416,PayPal,PayPal,2023-07-10 09:16:00,889.37,USD,Completed,,AUTH860643,18.2
8417,3417,PayPal,PayPal,2023-11-30 11:28:00,2777.79,USD,Completed,,AUTH251337,82.74
8418,3418,Debit Card,Stripe,2023-12-05 20:35:00,1291.99,USD,Failed,5912,,30.79
8419,3419,PayPal,PayPal,2023-10-15 13:44:00,997.73,USD,Completed,,AUTH192392,23.28
8420,3420,PayPal,PayPal,2023-11-25 14:45:00,2887.26,USD,Completed,,AUTH854113,79.21
8421,3421,Credit Card,Stripe,2023-07-11 11:58:00,3345.11,USD,Failed,6064,,83.35
8422,3422,Debit Card,Stripe,2024-03-10 11:07:00,1210.29,USD,Completed,6729,AUTH685455,35.84
8423,3423,PayPal,PayPal,2023-09-29 19:28:00,353.51,USD,Completed,,AUTH529740,8.96
8424,3424,Credit Card,Stripe,2023-07-29 08:31:00,1442.87,USD,Pending,2663,,39.67
8425,3425,Credit Card,Stripe,2024-03-28 14:19:00,1474.66,USD,Completed,4002,AUTH513391,36.17
8426,3426,Debit Card,Stripe,2023-12-14 15:01:00,2436.78,USD,Completed,7853,AUTH837770,68.45
8427,3427,Debit Card,Stripe,2023-06-23 11:13:00,706.06,USD,Pending,7556,,20.85
8428,3428,PayPal,PayPal,2024-01-07 16:03:00,659.12,USD,Completed,,AUTH180308,19.49
8429,3429,Credit Card,Square,2024-03-04 20:22:00,333.12,USD,Pending,7697,,9.5
8430,3430,PayPal,PayPal,2023-10-13 20:48:00,1485.66,USD,Completed,,AUTH985322,33.72
8431,3431,PayPal,PayPal,2023-06-15 13:46:00,1791.19,USD,Completed,,AUTH970181,37.27
8432,3432,PayPal,PayPal,2024-01-05 20:46:00,1166.91,USD,Completed,,AUTH770157,25.76
8433,3433,PayPal,PayPal,2023-07-26 16:24:00,1595.07,USD,Completed,,AUTH214140,44.76
8434,3434,PayPal,PayPal,2024-02-29 15:27:00,2977.61,USD,Completed,,AUTH606852,89.13
8435,3435,Credit Card,Stripe,2023-12-13 15:47:00,323.02,USD,Completed,6131,AUTH385081,9.08
8436,3436,PayPal,PayPal,2023-06-08 12:51:00,1136.34,USD,Completed,,AUTH861327,27.49
8437,3437,Debit Card,Stripe,2023-10-06 20:34:00,1079.13,USD,Completed,2809,AUTH258141,22.52
8438,3438,Debit Card,Stripe,2023-12-20 08:39:00,3808.8,USD,Completed,6837,AUTH271575,89.77
8439,3439,PayPal,PayPal,2023-10-07 20:41:00,1281.9,USD,Completed,,AUTH519083,34.1
8440,3440,Debit Card,Stripe,2023-11-05 17:42:00,2388.04,USD,Completed,2440,AUTH903644,50.72
8441,3441,Credit Card,Square,2023-08-31 15:29:00,3683.28,USD,Completed,9957,AUTH677168,76.62
8442,3442,Debit Card,Stripe,2024-01-25 08:22:00,2048.35,USD,Completed,1041,AUTH998812,54.66
8443,3443,Debit Card,Stripe,2023-06-30 17:05:00,3022.01,USD,Completed,6527,AUTH810062,78.17
8444,3444,Debit Card,Stripe,2023-07-03 15:11:00,119.01,USD,Completed,9236,AUTH945457,2.59
8445,3445,PayPal,PayPal,2024-02-09 10:14:00,3011.7,USD,Completed,,AUTH390694,77.9
8446,3446,PayPal,PayPal,2023-06-26 11:07:00,101.58,USD,Completed,,AUTH524832,2.44
8447,3447,Debit Card,Stripe,2024-02-15 15:37:00,668.46,USD,Completed,2611,AUTH956223,14.04
8448,3448,Debit Card,Stripe,2023-09-25 08:45:00,1799.34,USD,Completed,3637,AUTH954775,51.79
8449,3449,Credit Card,Square,2023-11-28 16:45:00,2062.38,USD,Completed,5570,AUTH186257,57.79
8450,3450,Debit Card,Stripe,2023-07-26 09:32:00,1810.4,USD,Completed,1480,AUTH224218,49.03
8451,3451,Debit Card,Stripe,2023-07-10 11:13:00,1641.63,USD,Completed,9648,AUTH544474,32.9
8452,3452,Debit Card,Stripe,2023-12-30 09:41:00,2168.01,USD,Completed,2646,AUTH848190,59.19
8453,3453,Debit Card,Stripe,2023-06-13 13:38:00,389.22,USD,Completed,1957,AUTH312478,8.42
8454,3454,Debit Card,Stripe,2023-12-26 18:23:00,1319.36,USD,Completed,8319,AUTH677512,37.31
8455,3455,Credit Card,Stripe,2023-06-16 10:23:00,1365.02,USD,Completed,5522,AUTH134009,40.11
8456,3456,Credit Card,Stripe,2023-08-16 17:01:00,730.58,USD,Completed,8779,AUTH952797,15.46
8457,3457,PayPal,PayPal,2023-11-08 16:45:00,815.73,USD,Completed,,AUTH620494,22.41
8458,3458,PayPal,PayPal,2023-09-19 14:53:00,1877.86,USD,Completed,,AUTH681724,45.35
8459,3459,PayPal,PayPal,2023-08-16 14:48:00,1444.8,USD,Pending,,PP894474,34.5
8460,3460,PayPal,PayPal,2023-07-10 11:36:00,2895.57,USD,Completed,,AUTH472012,77.71
8461,3461,Credit Card,Stripe,2023-08-02 16:51:00,3200.96,USD,Completed,5233,AUTH203307,82.64
8462,3462,Debit Card,Stripe,2024-02-24 16:28:00,551.05,USD,Completed,8645,AUTH961379,13.91
8463,3463,Credit Card,Square,2024-03-21 12:58:00,1028.28,USD,Pending,2973,,21.36
8464,3464,Debit Card,Stripe,2023-12-03 11:29:00,2958.64,USD,Completed,6532,AUTH655859,64.07
8465,3465,Debit Card,Stripe,2023-10-02 15:46:00,3781.08,USD,Completed,3727,AUTH685222,95.6
8466,3466,Credit Card,Square,2023-11-28 16:32:00,3008.74,USD,Completed,1056,AUTH594585,64.31
8467,3467,Debit Card,Stripe,2024-02-03 17:14:00,1667.62,USD,Completed,1921,AUTH849793,37.13
8468,3468,PayPal,PayPal,2024-03-18 10:59:00,909.73,USD,Pending,,PP210922,22.08
8469,3469,PayPal,PayPal,2023-12-26 18:37:00,2360.11,USD,Completed,,AUTH592811,70.24
8470,3470,Debit Card,Stripe,2023-10-12 20:18:00,1753.57,USD,Completed,4322,AUTH809724,45.52
8471,3471,PayPal,PayPal,2023-07-12 14:26:00,3455.32,USD,Completed,,AUTH614232,95.88
8472,3472,Credit Card,Stripe,2024-02-09 18:56:00,181.05,USD,Completed,4714,AUTH142276,4.43
8473,3473,Credit Card,Square,2024-01-19 08:10:00,1619.84,USD,Completed,2737,AUTH107312,35.35
8474,3474,Debit Card,Stripe,2024-03-10 19:59:00,633.96,USD,Completed,9995,AUTH484131,17.65
8475,3475,PayPal,PayPal,2023-06-18 14:01:00,945.65,USD,Pending,,PP624813,19.21
8476,3476,PayPal,PayPal,2023-08-07 16:55:00,1142.71,USD,Completed,,AUTH801633,32.77
8477,3477,Debit Card,Stripe,2024-01-03 13:08:00,2209.78,USD,Completed,3211,AUTH323647,63.56
8478,3478,Debit Card,Stripe,2023-10-29 09:21:00,479.71,USD,Completed,2991,AUTH509681,12.4
8479,3479,Debit Card,Stripe,2023-06-24 09:47:00,1312.08,USD,Completed,7265,AUTH678275,30.87
8480,3480,PayPal,PayPal,2023-12-27 18:28:00,2240.01,USD,Completed,,AUTH798751,55.38
8481,3481,PayPal,PayPal,2024-01-31 19:08:00,284.94,USD,Completed,,AUTH815380,7.64
8482,3482,Credit Card,Stripe,2024-03-28 16:05:00,1378.41,USD,Completed,2939,AUTH357853,35.54
8483,3483,PayPal,PayPal,2024-03-30 13:43:00,232.52,USD,Completed,,AUTH248937,4.86
8484,3484,PayPal,PayPal,2023-11-12 15:11:00,1535.7,USD,Completed,,AUTH979471,36.96
8485,3485,Debit Card,Stripe,2023-07-20 11:19:00,81.92,USD,Completed,7363,AUTH176231,1.64
8486,3486,PayPal,PayPal,2024-03-15 16:57:00,399.48,USD,Completed,,AUTH481659,8.18
8487,3487,Credit Card,Square,2023-11-13 14:20:00,3187.48,USD,Pending,3564,,72.74
8488,3488,Debit Card,Stripe,2023-09-16 14:33:00,259.8,USD,Completed,2843,AUTH750120,6.59
8489,3489,Credit Card,Stripe,2023-11-25 12:10:00,438.62,USD,Completed,5727,AUTH668149,12.52
8490,3490,Credit Card,Stripe,2024-02-05 15:14:00,338.7,USD,Completed,1167,AUTH416069,9.87
8491,3491,Credit Card,Square,2023-10-11 17:48:00,2314.88,USD,Completed,2222,AUTH953590,46.66
8492,3492,Credit Card,Stripe,2023-10-21 10:06:00,1657.56,USD,Completed,2653,AUTH486191,48.26
8493,3493,Credit Card,Square,2023-06-21 16:34:00,1760.88,USD,Completed,6975,AUTH900745,49.44
8494,3494,Debit Card,Stripe,2023-06-14 13:13:00,314.8,USD,Completed,7623,AUTH847545,8.8
8495,3495,Debit Card,Stripe,2024-01-14 16:08:00,2673.99,USD,Completed,6406,AUTH343974,61.77
8496,3496,Credit Card,Stripe,2023-07-27 19:45:00,1736.05,USD,Completed,6338,AUTH117905,48.96
8497,3497,Credit Card,Square,2024-01-08 15:16:00,284.94,USD,Pending,7891,,6.44
8498,3498,Credit Card,Stripe,2023-07-30 13:51:00,2038.25,USD,Completed,7954,AUTH997080,60.32
8499,3499,PayPal,PayPal,2023-07-09 13:10:00,589.63,USD,Completed,,AUTH678614,13.78
8500,3500,PayPal,PayPal,2024-01-19 18:47:00,3170.29,USD,Completed,,AUTH907852,65.83
