product_id,product_name,category,brand,price,stock_quantity,description,created_at
2001,Classic Monitor,Premium Beauty & Personal Care,ProGear,205.21,238,Interesting help church successful effort. Care base know goal.,2023-08-01 08:13:00
2002,Ultimate Perfume,Budget Toys & Games,QualityFirst,568.17,10,Customer cultural forget few spring raise ever.,2023-10-22 14:30:00
2003,Premium Face Cream,Budget Clothing,SuperValue,240.08,456,Only need light sport future beat suffer. Show recently decide last next hear.,2023-08-03 16:47:00
2004,Pro Coffee Maker,Budget Books,FitLife,171.02,248,Sometimes trial off hospital high we as hit. Board notice later thus behavior bit need. Step owner agree.,2023-01-15 14:21:00
2005,Ultimate Dress,Luxury Automotive,EliteWare,552.52,318,Movie long attention western. Candidate day it report little.,2023-10-01 08:58:00
2006,Ultimate Laptop,Books,TopTier,262.87,443,And ago police put left gas human. However action boy true force.,2023-08-25 10:03:00
2007,Modern Perfume,Luxury Clothing,FitLife,278.26,172,Democratic recent student specific political respond to.,2023-07-14 12:48:00
2008,Ultimate Pot,Luxury Automotive,StyleMax,287.47,383,Analysis mention spring follow. Couple debate must voice building degree ground community.,2023-10-04 08:22:00
2009,Classic Monitor,Budget Toys & Games,TopTier,33.74,15,Recent question win really forward play this fish. Attack adult treatment large memory score me. Discussion pattern to.,2023-05-07 11:53:00
2010,Premium Shoes,Premium Electronics,HomeEssentials,289.39,58,Care fish skin always social increase. Seek director run garden day. Trade professor eat.,2023-10-16 11:29:00
2011,Modern Shampoo,Accessories,QualityFirst,368.27,382,Medical international level clearly culture. Computer eat experience large player even.,2023-02-28 20:52:00
2012,Deluxe Dumbbell,Pet Supplies,QualityFirst,25.14,159,Herself figure exist no lose. Carry light choice couple actually may.,2023-10-22 18:58:00
2013,Ultimate Lipstick,Premium Footwear,FitLife,54.83,353,Prepare unit save drug. Tv guess religious. Recently population end.,2023-11-18 11:06:00
2014,Modern Jeans,Premium Automotive,QualityFirst,471.74,177,"Reality may mouth though only. Sell under thank body of something. Especially decide security recognize.
Staff ability attorney recent.",2023-09-30 14:42:00
2015,Essential Monitor,Premium Pet Supplies,TopTier,211.32,434,Phone person than coach fall help. Ask ahead doctor magazine set. Article seem account.,2023-08-04 15:06:00
2016,Ultimate Shampoo,Professional Home & Office,UltraChoice,498.93,362,"Own than evidence. Happy peace probably little including.
Worry whatever spend. Plant them wide.",2023-03-20 14:11:00
2017,Pro Knife Set,Premium Home & Office,SuperValue,552.56,396,Collection land break production drive deep send. Black year ahead upon. Total short detail election live today.,2023-09-05 15:27:00
2018,Elite Knife Set,Luxury Clothing,MegaBrand,154.83,478,Whom join do else fact born future. Visit seat break happy table west officer ability. Operation couple hold interest.,2023-02-14 12:56:00
2019,Advanced Pan,Professional Toys & Games,EliteWare,346.2,342,"Wrong but you religious long stock manager. Arrive special check respond summer various.
Type simply task. Federal spring treatment city again hot.",2023-07-14 13:01:00
2020,Advanced Resistance Band,Footwear,EliteWare,135.14,408,"Gun task big. Heavy work quickly collection.
Green listen war bring. Practice order wide phone identify alone drive.",2023-05-13 13:17:00
2021,Elite Knife Set,Premium Health & Wellness,TechPro,314.8,97,"Of of event seat some Congress machine popular.
Number between as training somebody. If red hour stage. Major million once research so buy send.",2023-02-13 11:46:00
2022,Ultimate Hat,Premium Health & Wellness,SuperValue,151.78,243,"Woman media hair name.
Eat animal watch. Process knowledge officer reason mission. Paper member reach production and already.",2023-11-27 19:31:00
2023,Advanced Laptop,Books,BeautyPlus,140.73,354,"Lay war put vote century data. Run yet recent cover head price star painting.
First skin her who. Back by body nature at. Guy four event than.",2023-05-05 12:42:00
2024,Elite Shampoo,Professional Books,PremiumBrand,323.23,217,More red tend necessary. Between answer fish sell Congress south question small. Organization support local camera act message choice.,2023-10-09 13:22:00
2025,Advanced Knife Set,Budget Clothing,BeautyPlus,146.01,369,Expert weight minute responsibility under director player. Water image fine bed. Baby drive behavior offer.,2023-04-09 13:07:00
2026,Pro Sweater,Toys & Games,FitLife,445.77,141,Couple story account interesting move generation yes product.,2023-10-29 20:33:00
2027,Elite Yoga Mat,Pet Supplies,MegaBrand,124.52,116,Low enter able piece hour. Upon where middle throw very.,2023-07-04 10:19:00
2028,Premium Jacket,Premium Clothing,TechPro,584.82,283,"Cause section accept third. Book expect card inside former. Civil current look.
Inside nearly son research. Seem sister hundred rise score stay.",2023-05-30 19:08:00
2029,Advanced T-Shirt,Professional Baby Products,TechPro,348.69,240,With scene its face magazine set. Pay role cost exactly boy. Yes easy star cup relationship.,2023-09-03 15:21:00
2030,Deluxe Keyboard,Professional Electronics,MegaBrand,291.85,420,Imagine fill plan discuss from look.,2023-02-03 14:31:00
2031,Professional Keyboard,Bags & Luggage,HomeEssentials,488.56,485,"Best add necessary technology. Guess special sea open painting draw.
Once beautiful blood picture own. Only treatment pressure.",2023-06-05 09:15:00
2032,Professional Backpack,Luxury Health & Wellness,QualityFirst,476.53,115,Thus large response treat attack industry. So cold ever whose face what article. Scientist however range that will.,2023-09-25 14:28:00
2033,Advanced Dumbbell,Professional Baby Products,QualityFirst,594.11,156,Mean result else system fast environmental budget. Animal draw although challenge third. Establish so politics eat.,2023-10-19 17:03:00
2034,Elite T-Shirt,Professional Toys & Games,FitLife,379.04,135,Despite whole computer will Mr without.,2023-12-05 09:10:00
2035,Classic Sweater,Premium Health & Wellness,StyleMax,102.34,209,"Financial those stage. Could century interview lawyer population I right case.
Between himself body add store various car show.",2023-08-19 19:38:00
2036,Advanced Yoga Mat,Home & Kitchen,FitLife,179.97,144,Service throughout spring film look during myself. Physical but stay bill father.,2023-12-26 15:04:00
2037,Classic Pot,Premium Automotive,SuperValue,378.77,338,Page concern most. Consider interesting throw reach person expert then even.,2023-04-12 14:07:00
2038,Pro Coffee Maker,Premium Bags & Luggage,HomeEssentials,545.95,423,Floor interest really including soldier four. Himself near much manage movie. His ok instead official really.,2023-03-14 09:03:00
2039,Deluxe Dumbbell,Luxury Health & Wellness,BestBuy,496.29,471,Leave structure necessary use inside. Still argue case while region.,2023-05-28 15:07:00
2040,Advanced Dumbbell,Professional Accessories,ProGear,566.17,256,"Store indicate she like cell month we.
Reveal know population actually born art. Page community civil. Strategy quite then never stop try.",2023-10-04 15:28:00
2041,Professional Mouse,Professional Beauty & Personal Care,BestBuy,200.16,128,"Position crime board back owner suggest.
Executive must assume others series.",2023-01-14 09:14:00
2042,Elite Laptop,Professional Toys & Games,TopTier,494.63,295,Matter fire hospital green can push. Imagine scientist big space change onto.,2023-01-21 20:48:00
2043,Deluxe Belt,Professional Pet Supplies,TopTier,270.91,142,Task issue three similar hold decade particular avoid. Note yes best address. Natural why sit beautiful behind.,2023-04-03 17:27:00
2044,Advanced Tablet,Professional Books,SmartChoice,250.92,164,Guy expert important. True can happen suddenly weight health radio media. Theory yard amount within arm.,2023-12-10 09:54:00
2045,Deluxe Running Shoes,Premium Beauty & Personal Care,BestBuy,302.32,339,Should current forget fish you main. Boy lawyer nation we certainly degree nothing.,2023-07-25 20:35:00
2046,Premium Wallet,Books,SmartChoice,158.91,59,Clearly glass industry little read. Whole join tree now. Night throw cup.,2023-07-26 16:52:00
2047,Premium Wallet,Premium Beauty & Personal Care,TechPro,120.66,185,Reduce visit town between because. Bed administration usually billion. Until between know ok allow face inside development.,2023-11-15 20:31:00
2048,Advanced Keyboard,Automotive,BeautyPlus,334.03,474,Fish color occur involve new hot pattern hotel. Soon official can. Within community tough military join between.,2023-05-28 15:56:00
2049,Advanced Jeans,Clothing,TopTier,369.22,122,Occur agent safe work. Sing cost present develop create subject risk southern. Side process ever various physical point.,2023-12-30 10:19:00
2050,Pro Headphones,Premium Health & Wellness,ProGear,64.98,430,"Piece talk bring garden get yet outside. Citizen score unit.
Ahead age memory charge term boy describe foreign. Base reality call event current.",2023-02-28 15:07:00
2051,Deluxe Hat,Premium Footwear,BeautyPlus,310.22,139,Soldier onto close day reveal item land others. Staff performance parent investment note.,2023-08-01 15:30:00
2052,Classic Wallet,Premium Health & Wellness,HomeEssentials,236.31,471,Somebody together no history own money bill. Respond watch space provide off. Radio itself spend cup anyone management.,2023-11-03 16:47:00
2053,Deluxe Monitor,Premium Clothing,SuperValue,476.09,212,Expect popular task. Treatment expect success. Already mouth month front administration like.,2023-06-24 20:32:00
2054,Modern Headphones,Professional Clothing,BestBuy,186.14,300,Difficult because right speech staff Mr. Various test employee. Book water avoid.,2023-10-24 18:31:00
2055,Deluxe Sunglasses,Budget Pet Supplies,EliteWare,213.61,282,Next their process same day back. Art actually democratic stand could bit decade.,2023-10-06 14:29:00
2056,Essential Blender,Professional Accessories,FitLife,347.35,119,Environment live most goal. Until base issue character. Issue free kid have any him up.,2023-07-30 08:20:00
2057,Advanced Perfume,Premium Sports & Outdoors,TopTier,477.5,333,"Offer draw mother.
Third record identify hotel detail. Manager commercial data PM relationship.",2023-03-19 15:02:00
2058,Deluxe Scarf,Budget Health & Wellness,SmartChoice,523.11,447,While program into again. Thing color set act goal. On major easy body standard note wrong.,2023-08-14 09:33:00
2059,Advanced Headphones,Professional Footwear,HomeEssentials,251.88,335,Simple tax total other both rate rock. Challenge improve detail. Ground all officer receive.,2023-03-21 09:30:00
2060,Modern Running Shoes,Premium Home & Office,BestBuy,244.51,41,Item lawyer why society. Body across until chair race. Whom perhaps professor field explain son administration. Design stay but.,2023-06-18 18:54:00
2061,Pro Perfume,Luxury Clothing,TopTier,434.03,388,Usually eat question hit human tough throw.,2023-09-07 16:02:00
2062,Elite Monitor,Premium Electronics,TopTier,413.79,147,Catch kind finish various. Life into inside improve agree next. Because cell trade skill oil health.,2023-04-27 19:05:00
2063,Ultimate T-Shirt,Professional Toys & Games,TopTier,425.29,51,"Pick rest view south perhaps. Boy a page building best.
Listen strategy kitchen argue. Feel low contain dog.",2023-08-16 10:44:00
2064,Modern Laptop,Home & Kitchen,SmartChoice,479.71,150,"Where manage property hospital. Less spend challenge exist.
Hope oil alone practice price know traditional. While life rich everybody word group.",2023-07-03 13:27:00
2065,Deluxe Pan,Professional Pet Supplies,ProGear,343.89,405,Office until simple moment. Recently open oil once. Attack ahead run discuss professor material. Food discuss sign true somebody black thing.,2023-04-03 10:11:00
2066,Professional Perfume,Premium Home & Office,TopTier,152.08,467,Beat agency where benefit almost. Throw growth impact national. Future radio whatever rock.,2023-10-26 10:14:00
2067,Advanced Pot,Premium Books,BeautyPlus,403.43,460,Former difference wait two edge reflect attack. Why avoid offer table. Matter human arm recently book likely true enjoy. Allow instead customer.,2023-08-27 12:43:00
2068,Pro Dress,Beauty & Personal Care,EliteWare,567.68,300,"Wonder wear our partner ball necessary.
Rich bit market different go. Field sure will again area similar specific.",2023-06-03 18:27:00
2069,Modern Wallet,Premium Baby Products,BeautyPlus,127.53,196,Animal soon their economic arm arm just. Analysis glass pretty each factor. Huge price prevent baby voice day relate spend.,2023-09-05 09:15:00
2070,Ultimate Face Cream,Professional Health & Wellness,BeautyPlus,595.68,151,Know difference here process mouth produce. Must girl ago. Senior from stock energy send describe agree rise.,2023-01-12 18:25:00
2071,Modern Headphones,Professional Health & Wellness,MegaBrand,414.61,381,Gun process site special part. Fill produce structure summer. Leg key letter whole lose such. Impact often bag today necessary.,2023-01-26 17:47:00
2072,Advanced Yoga Mat,Budget Toys & Games,SuperValue,145.76,410,Team oil among response article research else. Administration suddenly support music and.,2023-06-30 11:40:00
2073,Classic Pot,Premium Accessories,SuperValue,435.34,337,Likely wind perform civil and us. Agent participant space member sit meet ok general. Her old price change several.,2023-12-15 10:40:00
2074,Professional Mouse,Budget Clothing,SuperValue,270.08,296,Especially structure fall during during should. Discuss fire win realize knowledge whatever. Gun goal measure trip president painting.,2023-07-06 19:08:00
2075,Professional Yoga Mat,Luxury Clothing,BestBuy,255.14,102,Sea call alone issue real wrong car. Truth toward great I news Republican budget. Option pattern yes and school great.,2023-03-09 20:34:00
2076,Essential Scarf,Premium Clothing,MegaBrand,107.07,467,"Military modern meet up expect himself serious.
Sport same writer. Issue everything they fire girl.",2023-09-04 20:18:00
2077,Essential Jeans,Premium Books,StyleMax,93.04,494,"Stuff senior agree total whether music sometimes. Major state hard.
Interview know call law truth respond try. Know it enjoy ten.",2023-04-26 18:46:00
2078,Ultimate Shampoo,Books,SuperValue,242.79,135,Religious fire under item. Fish success produce there along play account. Only the detail cultural.,2023-10-02 09:29:00
2079,Essential Pot,Budget Health & Wellness,ProGear,495.22,481,Herself on point machine prevent conference feel discussion. Property make picture our myself.,2023-07-10 09:43:00
2080,Classic Belt,Clothing,QualityFirst,531.69,287,Recent relate similar low source major. Reach ahead environmental Democrat surface important.,2023-06-17 17:14:00
2081,Professional Wallet,Professional Accessories,BeautyPlus,393.04,59,Amount executive agency place read almost seek. Pretty capital scientist establish be available. After sea must try believe open.,2023-03-13 08:02:00
2082,Modern Hat,Health & Wellness,StyleMax,148.52,275,Each admit market hour head national board. Official agent side language live. Poor forward special wish.,2023-03-11 14:29:00
2083,Essential Backpack,Budget Health & Wellness,BestBuy,438.68,453,Image accept real sense some nation fine present. Leave lot never science run TV. Recognize heart series class security coach.,2023-08-01 18:06:00
2084,Advanced Backpack,Premium Clothing,TechPro,417.26,111,Sort weight he page line. View until result system career. Resource listen fish conference like year accept.,2023-08-16 15:15:00
2085,Essential T-Shirt,Premium Accessories,SmartChoice,331.22,500,Ever star test once figure.,2023-11-27 13:03:00
2086,Ultimate Knife Set,Toys & Games,StyleMax,569.91,421,Follow time appear. Southern international line few service drive hotel. Relationship great stuff first back painting.,2023-08-21 09:42:00
2087,Classic Laptop,Sports & Outdoors,SuperValue,206.76,64,Side generation interest pay then turn course. Condition section action kind moment accept. Foreign treat trouble me actually.,2023-10-17 11:04:00
2088,Pro Toaster,Budget Health & Wellness,FitLife,489.69,119,Place make list themselves seek space although ahead. Relationship computer surface bar. Argue PM artist best.,2023-06-18 20:09:00
2089,Elite Headphones,Premium Clothing,MegaBrand,590.57,66,"Common and part read. Common section study about event go.
Nothing recent not leg break bed role. Fish phone after college. Design hear ball.",2023-10-04 12:51:00
2090,Deluxe Jeans,Professional Bags & Luggage,MegaBrand,25.2,7,Including structure evening current without else. Enough majority official give politics last. Reach color wear one choose notice year its.,2023-07-03 20:50:00
2091,Classic Resistance Band,Clothing,HomeEssentials,166.56,64,"Only head help open almost red picture. City little from.
Tree fill level control. Keep pattern order.",2023-08-04 16:07:00
2092,Professional Belt,Budget Beauty & Personal Care,SuperValue,223.59,303,"Whole wall cup win sell candidate four whether. Finally she soon learn.
A challenge third feeling ball door data. Right child new simply.",2023-02-25 15:32:00
2093,Classic Mouse,Professional Footwear,SuperValue,546.15,337,Several benefit campaign several card. Today star room interesting hour author. Prove wife agree those concern dog gun.,2023-09-24 12:29:00
2094,Premium Keyboard,Professional Books,MegaBrand,246.94,351,"When instead clear radio strong.
Get run pretty identify. Claim can medical. Activity president prove institution approach interesting score.",2023-02-25 15:45:00
2095,Advanced Monitor,Books,SmartChoice,368.89,33,"Front various opportunity. Method pass the itself let.
Test least anyone out.",2023-03-06 12:39:00
2096,Elite Resistance Band,Premium Sports & Outdoors,QualityFirst,323.02,232,Issue ever will ready each stay strong. Notice American force although participant rich speech.,2023-09-16 17:27:00
2097,Professional Jeans,Premium Baby Products,TopTier,394.03,393,Soldier number yet past. Take during sometimes hear list set join. Everybody provide painting travel.,2023-10-10 19:55:00
2098,Classic Watch,Budget Beauty & Personal Care,UltraChoice,144.8,173,Step onto play forget home upon actually future. State charge take material mother color.,2023-08-21 14:26:00
2099,Professional Resistance Band,Professional Beauty & Personal Care,SmartChoice,402.4,191,Season writer heart Mrs her we but. Design yeah number condition city since.,2023-03-20 18:59:00
2100,Advanced Monitor,Books,MegaBrand,60.35,221,Oil individual industry country ahead difference. People your outside rule watch foot economic notice.,2023-02-19 19:47:00
2101,Essential Jacket,Premium Health & Wellness,TechPro,356.0,287,Debate leave each. Kitchen drop computer left political sound study the.,2023-10-15 13:42:00
2102,Professional Backpack,Professional Home & Kitchen,MegaBrand,402.54,384,Resource just still art speech stock rise. Guy respond memory. Investment buy certainly energy stay send. Reveal hand prevent center.,2023-08-05 19:03:00
2103,Modern Dumbbell,Professional Home & Kitchen,StyleMax,350.96,108,"Along cause miss ago they nor research fill. Nothing fight require pull.
Chair factor his PM. Surface on chance.
Hair meet thank might local.",2023-03-21 18:30:00
2104,Classic T-Shirt,Professional Home & Kitchen,MegaBrand,338.19,58,Different deal change part rock build. Ground least tree trade style.,2023-05-23 17:14:00
2105,Ultimate Laptop,Luxury Health & Wellness,UltraChoice,398.11,355,"American participant necessary before. Safe true town car few. Dinner one ok less Mr.
So authority long kind live between.",2023-05-17 08:11:00
2106,Modern Dumbbell,Premium Home & Kitchen,SmartChoice,13.59,445,Particular church what wonder. Small sister especially usually line task field certain.,2023-03-15 17:42:00
2107,Ultimate Monitor,Bags & Luggage,BestBuy,383.56,15,Newspaper school something pay key ever. During for look return. Weight water sit hope where religious economic.,2023-02-16 19:33:00
2108,Classic Perfume,Premium Beauty & Personal Care,EliteWare,211.12,189,"Whatever guess significant section Democrat fly. Leave four question region effort.
Budget improve how main.
Art writer health not yet where their.",2023-06-09 19:20:00
2109,Elite Tablet,Sports & Outdoors,HomeEssentials,102.86,316,Authority possible fund month realize star. Threat husband family perhaps hope across.,2023-01-26 18:05:00
2110,Modern Sunglasses,Professional Bags & Luggage,ProGear,296.53,226,War always camera give attorney that up probably. Field interest even view describe. Agree there want but way agent.,2023-08-01 12:13:00
2111,Pro Jeans,Professional Home & Kitchen,ProGear,75.41,347,"Wait scientist group yet. Course world son growth effort born.
Account sound hundred. Great watch student its. Director red practice special then.",2023-12-14 17:31:00
2112,Pro Dumbbell,Home & Kitchen,FitLife,243.2,306,Million cell like although.,2023-01-29 08:13:00
2113,Modern Toaster,Budget Toys & Games,HomeEssentials,460.84,148,Agreement like same certain imagine much.,2023-06-17 09:00:00
2114,Advanced Watch,Footwear,HomeEssentials,234.31,360,Response executive past economic. Continue process forget wind property.,2023-04-28 16:35:00
2115,Essential Monitor,Professional Sports & Outdoors,MegaBrand,447.79,223,Activity lose tax could thank wife. Later Democrat perform national brother evidence. Under front throughout effort southern maintain nature.,2023-01-10 15:58:00
2116,Professional Resistance Band,Professional Health & Wellness,ProGear,348.3,363,Their film job worker. Whom will consumer star.,2023-11-24 14:18:00
2117,Professional Lipstick,Clothing,SmartChoice,111.4,485,Walk participant teach everything where we fast. Will throw life carry visit a edge.,2023-11-13 15:53:00
2118,Essential Tablet,Professional Beauty & Personal Care,MegaBrand,72.45,223,Difficult we cell husband. Want charge kitchen public set action bring find. Sign out discussion just.,2023-10-29 14:33:00
2119,Professional Lipstick,Professional Baby Products,BeautyPlus,450.01,113,One then reality some serve different. Become rule where ten. Thank professor student white instead.,2023-06-20 20:10:00
2120,Professional Scarf,Professional Home & Office,StyleMax,323.05,99,Opportunity program billion sit remain. Parent not parent that property among blue. Offer brother shake guess.,2023-06-28 13:46:00
2121,Deluxe Pan,Pet Supplies,HomeEssentials,161.01,88,Wind eat land answer leader yard. Shoulder civil next tell possible. Send sit common matter become goal.,2023-11-05 10:48:00
2122,Professional Sweater,Budget Toys & Games,TopTier,301.52,386,Fast nice concern peace away behavior Republican. System certainly future government card history. Party wife food different step.,2023-10-16 20:37:00
2123,Advanced Resistance Band,Professional Baby Products,TopTier,196.51,225,News your court control million hundred. Thousand without section religious word sound enjoy. Hair understand doctor music baby really.,2023-02-04 15:28:00
2124,Modern Knife Set,Budget Health & Wellness,TechPro,217.64,37,Well commercial nice next. Time live relationship as. Assume rest now water road require.,2023-06-08 15:28:00
2125,Premium Keyboard,Budget Home & Kitchen,MegaBrand,179.37,330,"As including claim create woman similar writer structure. Power manager build.
Watch off we hold. High listen suggest consumer find concern.",2023-02-16 17:38:00
2126,Pro Perfume,Premium Books,QualityFirst,337.04,405,"Son nothing hear. Western country per consider.
Best raise choice hear computer key. Medical sport knowledge performance.",2023-01-22 15:58:00
2127,Elite Blender,Luxury Clothing,QualityFirst,290.61,77,Six want protect assume east center. Could identify group true TV specific travel. Better mind professional fly month offer mother hour.,2023-02-01 15:06:00
2128,Essential Tablet,Premium Pet Supplies,TopTier,111.8,126,"Water film onto too myself.
Move another field. Goal Mrs statement range its. Model condition he recognize treat better wear.",2023-12-29 15:28:00
2129,Pro Dress,Budget Home & Kitchen,SmartChoice,551.57,198,Would step head study. Choose out perform. Think institution now tell phone.,2023-07-29 20:21:00
2130,Elite Keyboard,Premium Automotive,TopTier,391.9,33,Production development point boy. At Mr cold science western resource reason. Movie expect now board budget.,2023-06-18 09:35:00
2131,Ultimate Yoga Mat,Professional Electronics,BestBuy,512.41,493,Price keep the attorney early more. Claim natural fish born assume million admit.,2023-11-05 10:21:00
2132,Professional Shoes,Professional Home & Kitchen,BeautyPlus,580.93,357,Population executive pattern last security raise partner. Woman PM look together lawyer these. Certain PM company whose yourself.,2023-12-06 14:08:00
2133,Elite Tablet,Budget Clothing,PremiumBrand,232.23,405,Safe know home hair for human rich. Early Republican nothing way role. Guy leg television society hear fill hotel like.,2023-06-18 10:42:00
2134,Pro Tablet,Premium Bags & Luggage,TopTier,259.8,185,Shoulder political offer song character first early. Several main particular shake.,2023-01-10 13:19:00
2135,Deluxe Toaster,Premium Home & Kitchen,SuperValue,296.89,115,Indeed mother peace citizen. Pick record example summer economic box war.,2023-03-12 10:04:00
2136,Modern T-Shirt,Premium Pet Supplies,SuperValue,328.45,378,Though attention career feel. True book various whether culture plant. Represent we bar owner son.,2023-09-27 08:42:00
2137,Essential Jacket,Luxury Health & Wellness,ProGear,101.0,92,"Town appear draw fill large item. Evening yet prevent. Four all the unit.
Affect herself toward here along public recent.",2023-12-21 20:39:00
2138,Deluxe Sunglasses,Home & Kitchen,ProGear,224.93,368,"South blood avoid health.
Soon single tell act add southern thank. Audience old whole wide piece former professor partner.",2023-05-02 15:39:00
2139,Modern Sunglasses,Baby Products,PremiumBrand,151.1,494,Fly more live culture write painting. Light rule option team.,2023-08-29 11:23:00
2140,Elite Sunglasses,Premium Books,SuperValue,176.24,195,Interview station save most pressure. Example claim article management total.,2023-09-15 16:26:00
2141,Deluxe Blender,Professional Automotive,QualityFirst,91.65,128,Have feel major national seat direction color. Important they food someone war idea. Laugh center seek information agency cause first.,2023-01-27 18:30:00
2142,Essential T-Shirt,Premium Footwear,MegaBrand,314.38,63,Government black well relationship. Eye dog wall sound indicate actually final city. Financial peace particularly out morning game health read.,2023-05-26 09:48:00
2143,Deluxe Knife Set,Budget Beauty & Personal Care,UltraChoice,312.87,425,"Future soldier recognize top whole sit occur. Remain participant spend eat none.
Memory believe seek perhaps ball make.",2023-08-12 09:58:00
2144,Classic Sunglasses,Professional Home & Kitchen,UltraChoice,25.73,27,Sometimes executive so institution stand action end. Fast agreement popular instead.,2023-07-22 16:23:00
2145,Classic Perfume,Books,SmartChoice,142.47,163,Agent its food concern party set poor. Not notice third argue response car. Until cause bill clear.,2023-02-20 19:41:00
2146,Essential Shoes,Home & Office,TechPro,179.25,424,Nature become debate city. Dinner argue raise agency poor. Long among serve wear west.,2023-08-30 19:53:00
2147,Deluxe Belt,Budget Beauty & Personal Care,QualityFirst,13.09,40,Think meeting stock however charge account physical performance. News memory civil cut parent.,2023-01-10 12:13:00
2148,Deluxe Watch,Health & Wellness,SuperValue,179.97,154,Guess approach personal note this. Describe agency actually stop team. Matter result result leader hospital. Tv lose others some.,2023-03-04 08:15:00
2149,Ultimate Wallet,Beauty & Personal Care,StyleMax,503.64,255,Which best happy position wife score health. Individual against side together few. Lead usually work trip build.,2023-11-02 16:01:00
2150,Pro Pan,Premium Footwear,HomeEssentials,181.84,0,Look rule check assume question air market.,2023-11-11 13:15:00
2151,Elite Backpack,Footwear,TopTier,404.24,268,Weight major discuss summer another hair our. Star name health top risk must fly. Imagine oil head work should challenge.,2023-07-04 09:33:00
2152,Pro Scarf,Premium Automotive,PremiumBrand,336.94,199,Statement thing wrong name. Billion about various professor clearly dinner report. Major for student health view mission.,2023-08-29 08:40:00
2153,Ultimate Shampoo,Professional Electronics,BestBuy,19.57,403,Age all building control simply. Attack laugh budget war.,2023-02-04 13:15:00
2154,Professional Running Shoes,Home & Office,TechPro,217.85,173,Read per go will make agree. While service beautiful.,2023-11-26 10:53:00
2155,Advanced Belt,Professional Home & Office,HomeEssentials,488.77,32,"Television sit very know maybe leg recent hold. President any one recently make total fall.
Face former body. Why baby lot eat.",2023-08-23 08:18:00
2156,Classic Mouse,Premium Automotive,FitLife,532.61,161,List everything newspaper institution assume enjoy. Listen medical during until case agency.,2023-06-08 16:25:00
2157,Pro Belt,Professional Electronics,TechPro,454.43,97,"Second hospital head member. Both program one.
They case TV team song.
Long degree common need phone teach audience. Tax certainly set local.",2023-05-27 13:55:00
2158,Premium Running Shoes,Premium Clothing,StyleMax,481.6,223,Student different traditional look we meeting image the. Drop miss market avoid. All at be through certainly political hard hotel.,2023-07-24 19:28:00
2159,Ultimate Running Shoes,Footwear,EliteWare,418.31,188,Minute bring reveal factor east our plant front. Heart hot response usually learn game effort. Education whom spend worker.,2023-09-23 12:51:00
2160,Professional Watch,Books,ProGear,365.44,421,Start memory inside enter word physical majority blue. Hit budget Congress guess soon approach. Everyone nature environmental six.,2023-04-03 16:18:00
2161,Essential T-Shirt,Books,SmartChoice,399.93,156,My admit civil number pass. Special buy east image drug. Close community detail blue draw final often outside.,2023-08-17 17:45:00
2162,Ultimate Dress,Professional Accessories,EliteWare,217.4,21,"Hand young long collection table. Out special suffer without hair set bed.
Past need economy moment. Laugh fall teach everything trouble.",2023-06-30 17:27:00
2163,Modern Keyboard,Beauty & Personal Care,TopTier,386.12,186,Owner baby significant especially situation.,2023-09-20 20:47:00
2164,Deluxe Laptop,Bags & Luggage,MegaBrand,368.46,400,Situation left lawyer report require class paper. Attack help a. More majority senior nearly risk threat level.,2023-08-13 08:08:00
2165,Professional Pan,Budget Toys & Games,TopTier,226.12,196,"Itself point chair tend so.
How central too tough education. Letter let think leg indeed anything.",2023-10-18 08:38:00
2166,Deluxe Sunglasses,Budget Home & Kitchen,SmartChoice,271.91,39,Good cover two coach. Certainly represent especially agency. Piece he large free party.,2023-10-21 10:33:00
2167,Essential Lipstick,Luxury Clothing,TopTier,174.42,491,"Detail analysis activity card industry create. Interview nothing wrong decision.
Teach enter lot at. Trip close pull box prove speech garden.",2023-02-28 08:47:00
2168,Deluxe Hat,Professional Pet Supplies,ProGear,548.98,60,Weight feel tell. Station never such despite. Less check better my guy.,2023-05-15 20:16:00
2169,Advanced Toaster,Premium Home & Office,BeautyPlus,419.44,251,"If support expert particular close. Our order table beyond. Someone across music manage. Various soldier recently charge.
Likely allow fact.",2023-04-13 09:08:00
2170,Professional Sunglasses,Footwear,UltraChoice,430.88,44,Student author partner catch left system church simply. Benefit paper ready allow system professor reason.,2023-12-16 13:42:00
2171,Essential Monitor,Premium Health & Wellness,PremiumBrand,181.3,153,Executive four floor dream. Itself but popular wall need onto visit.,2023-03-22 19:45:00
2172,Deluxe Shampoo,Premium Pet Supplies,FitLife,81.59,102,Seat religious probably when seem test. Account situation west indeed.,2023-03-13 11:50:00
2173,Advanced Laptop,Budget Home & Kitchen,PremiumBrand,347.63,239,Most threat year partner partner. Show rule always who opportunity face. And forward imagine phone social listen there.,2023-10-10 10:39:00
2174,Professional Monitor,Budget Clothing,ProGear,599.75,368,Maybe weight some. Shoulder professional market oil move. Explain break dog writer night forget nation.,2023-09-03 16:26:00
2175,Ultimate Monitor,Home & Office,SmartChoice,388.97,230,Role guess share eye young. Police baby choose building view well at. Whole box later building she.,2023-08-27 18:33:00
2176,Essential Jacket,Luxury Automotive,SuperValue,335.26,300,Long under place ahead table. Billion mention speech defense couple point. Security at year dinner prevent tree manager side.,2023-04-04 20:08:00
2177,Ultimate Scarf,Professional Baby Products,TechPro,500.51,265,You rise future person allow structure first. Mr international although blood voice. Receive staff yourself exactly.,2023-03-20 12:10:00
2178,Deluxe Resistance Band,Premium Footwear,FitLife,214.14,481,Discuss everybody success nearly. Tree bag require very that national trade. Beyond idea us find there. Price especially appear attention.,2023-09-23 12:54:00
2179,Professional Pot,Toys & Games,TopTier,574.24,140,Accept mission event some simply could. Draw involve party home stay fall carry.,2023-03-06 18:19:00
2180,Elite Tablet,Premium Pet Supplies,TopTier,109.49,482,Able decision book recent including game language. Right size than foot.,2023-10-25 10:10:00
2181,Elite Running Shoes,Luxury Automotive,UltraChoice,342.52,422,Modern data book expert exist computer shoulder. Size morning only girl popular last read.,2023-01-15 09:02:00
2182,Elite Pot,Premium Bags & Luggage,FitLife,462.5,213,Ready even probably son second. As whatever blue. Edge each whatever use task.,2023-11-13 18:01:00
2183,Advanced Yoga Mat,Premium Bags & Luggage,BeautyPlus,294.93,412,Here person three foot. Ground serve mouth manage issue none. Billion time discuss term.,2023-12-17 14:19:00
2184,Advanced Monitor,Professional Accessories,TechPro,103.26,212,Threat throw behavior type partner behavior economy our. Voice drop live everyone cold serious rock unit.,2023-09-05 15:13:00
2185,Essential Shoes,Luxury Clothing,MegaBrand,433.82,375,Scene run cultural decide car. Article last peace all rise right happen.,2023-06-26 14:08:00
2186,Essential Scarf,Premium Health & Wellness,StyleMax,198.27,238,Record coach require research this. Wear usually together true worker though church. Mouth note well interesting particularly some evidence employee.,2023-03-04 12:28:00
2187,Classic Shoes,Pet Supplies,TechPro,181.22,196,Look training oil scene career military much. Sometimes drive anything teach myself.,2023-11-12 14:15:00
2188,Deluxe Resistance Band,Professional Health & Wellness,BestBuy,194.49,390,"Challenge kind instead plant bag set leave. Yeah front almost activity agree.
Base close score.",2023-03-23 15:32:00
2189,Advanced Hat,Budget Clothing,EliteWare,23.66,483,May small fire light medical. Ago out able end early generation game.,2023-07-21 16:29:00
2190,Classic Toaster,Budget Health & Wellness,SmartChoice,38.7,144,Skill admit person player voice under. Call art soon up. Education more three trip school energy. While popular natural list they.,2023-09-11 17:56:00
2191,Advanced Yoga Mat,Budget Pet Supplies,TechPro,509.82,220,Imagine citizen drug information response. Reveal suddenly issue bit whether edge. Them state factor word hope great seek.,2023-03-10 12:46:00
2192,Essential Lipstick,Budget Home & Kitchen,TechPro,246.33,291,Help in evidence fact office spring measure. Sign room happy.,2023-10-15 11:23:00
2193,Pro Yoga Mat,Beauty & Personal Care,ProGear,307.5,391,Rock southern south bed represent lawyer. Return skin name paper cup order piece.,2023-10-09 12:52:00
2194,Elite Jeans,Home & Office,StyleMax,242.39,406,Believe whether teach single result modern. Action continue star. Only free increase.,2023-06-23 16:23:00
2195,Deluxe Blender,Luxury Health & Wellness,PremiumBrand,246.81,20,Find audience but moment. Expert much difficult however local study only.,2023-01-24 08:08:00
2196,Essential Belt,Professional Pet Supplies,EliteWare,97.86,457,"Stop piece sing. Down very investment whom season mind. Bring can sister adult.
Themselves area those guess huge.",2023-09-21 10:20:00
2197,Elite Resistance Band,Accessories,ProGear,594.45,378,Worker story face white break. To above month language create. Down television tree say more. Animal do hear rich apply project.,2023-06-03 17:21:00
2198,Pro Scarf,Budget Pet Supplies,EliteWare,428.15,153,Sister simply involve nor whether. Imagine record wrong list.,2023-09-01 08:23:00
2199,Essential Jeans,Premium Beauty & Personal Care,QualityFirst,191.52,460,Structure wonder stock. Whether thought brother central reason particular. Air source six image several name.,2023-12-19 18:01:00
2200,Elite Belt,Professional Electronics,TopTier,471.9,397,Southern finish front under build. Since human chance onto significant.,2023-10-24 17:14:00
2201,Premium Belt,Accessories,PremiumBrand,381.11,317,Friend wide take answer at month partner evidence. Picture available scene approach imagine.,2023-07-14 10:52:00
2202,Classic Mouse,Professional Health & Wellness,BestBuy,74.83,9,"Rise several in candidate. General new begin their. Step type type word not usually at sing.
View push enjoy wife cup law.",2023-08-14 13:26:00
2203,Deluxe Backpack,Professional Accessories,FitLife,252.11,396,"Bad clear here despite. Draw message prove car many of.
Building design avoid property father enough. Rise collection often. Cell how member.",2023-11-10 15:55:00
2204,Premium Jacket,Professional Pet Supplies,FitLife,340.91,339,Street police there. Movie consumer pick end us information occur future.,2023-09-02 16:24:00
2205,Essential Sweater,Premium Books,UltraChoice,324.53,279,Too million space team administration. Heavy century probably. Congress pick foreign city.,2023-07-01 18:49:00
2206,Modern Belt,Toys & Games,FitLife,174.6,152,Involve participant eye national administration. Camera truth surface sometimes.,2023-04-26 12:49:00
2207,Modern Toaster,Professional Accessories,BestBuy,298.5,245,Language local much will cost value. Ever sister white as physical wind manager. Manage my tax off job market suddenly.,2023-06-28 16:59:00
2208,Modern Yoga Mat,Health & Wellness,QualityFirst,409.2,194,Herself people rate notice air by. Tonight compare second system environmental. Various hotel order cultural.,2023-07-22 13:49:00
2209,Deluxe Yoga Mat,Home & Kitchen,BeautyPlus,573.63,40,Trial gas cold offer. Watch develop reason gas part rather. Difference yard mean nice.,2023-06-27 15:41:00
2210,Modern Belt,Automotive,FitLife,498.48,138,Trial out close current. Old especially also stuff decision film.,2023-10-15 19:17:00
2211,Deluxe T-Shirt,Premium Home & Office,BestBuy,356.22,124,"Wear society along government lead. More young receive model no painting strong serious.
Guess dog method newspaper short.",2023-01-26 18:57:00
2212,Pro Coffee Maker,Professional Home & Office,FitLife,40.96,211,Place run instead hair term skin success. Concern can when treat whose.,2023-06-19 19:30:00
2213,Professional Jacket,Electronics,PremiumBrand,586.96,80,Almost daughter plan new consider beyond field. Modern him only yet make matter sure. Institution together small rest fall.,2023-07-28 18:59:00
2214,Advanced Belt,Premium Bags & Luggage,FitLife,455.98,147,Call paper these population. Figure begin help account bed each energy civil.,2023-06-14 12:41:00
2215,Premium Tablet,Premium Bags & Luggage,QualityFirst,147.0,378,Bed staff talk score him price drop bill. Near consider keep.,2023-01-20 10:26:00
2216,Deluxe Mouse,Luxury Automotive,ProGear,474.89,95,Western run son price. Away field network century to foot hair who. Talk music floor vote environment business right.,2023-05-29 08:00:00
2217,Modern T-Shirt,Premium Home & Kitchen,BeautyPlus,278.06,328,Tell just raise really reveal these project. Continue PM hour article study seek. Dark everything few.,2023-10-06 16:31:00
2218,Deluxe Scarf,Premium Books,BeautyPlus,123.75,57,Professional begin current everyone test memory. Partner cultural above indeed. Bar rather matter participant boy huge plan. Break church term under.,2023-06-19 10:46:00
2219,Advanced Pot,Premium Footwear,HomeEssentials,18.3,172,Already occur issue front movie. Lay theory specific since. Change size computer bed. Smile raise personal.,2023-06-01 17:43:00
2220,Classic Sweater,Premium Home & Office,MegaBrand,386.84,207,"Return style at score pretty south. Resource notice generation single on. Simply director law.
Course very near much hold. Deep agree walk thousand.",2023-08-07 16:20:00
2221,Professional Lipstick,Professional Bags & Luggage,StyleMax,119.01,71,Out article responsibility who. International opportunity include candidate team most.,2023-09-02 13:59:00
2222,Classic Headphones,Professional Electronics,ProGear,148.95,385,Trial policy happy throw final assume kind. Head interesting common early look blood. Left able analysis arrive budget.,2023-05-17 13:19:00
2223,Elite Headphones,Professional Electronics,TopTier,222.13,120,Challenge air rest wind. Less crime amount laugh. Approach Republican forward why spend.,2023-02-01 18:07:00
2224,Advanced Dumbbell,Accessories,ProGear,414.77,472,International involve effect ahead building accept current. Parent church special voice two. Threat join chance good ask drive.,2023-12-27 20:19:00
2225,Professional Yoga Mat,Budget Home & Kitchen,QualityFirst,140.29,490,Possible cup opportunity rate sport. Owner seek bill traditional western chance. Expert any look entire do company focus.,2023-03-10 15:09:00
2226,Advanced Shampoo,Premium Beauty & Personal Care,BestBuy,334.04,241,"Third summer what cause. Level middle star music commercial.
Area citizen program agree sort physical. Support top nation wind.",2023-10-03 20:42:00
2227,Classic Pan,Premium Accessories,SuperValue,361.52,403,Air star audience national human employee movement. Serious later they green.,2023-02-11 16:28:00
2228,Pro Shampoo,Beauty & Personal Care,UltraChoice,342.85,31,Check full history. Wonder green set stay. Every national a whose whether single.,2023-10-08 16:12:00
2229,Elite Shoes,Accessories,SmartChoice,514.14,226,"Perhaps as feel. Your both to yes eat. Policy clear star daughter imagine discussion little imagine.
Cost eat truth fly memory hundred.",2023-03-01 18:13:00
2230,Elite Hat,Books,UltraChoice,311.11,414,Pattern investment practice their. Event skin indicate suddenly like.,2023-01-29 15:08:00
2231,Pro Backpack,Premium Books,QualityFirst,44.05,236,Style performance try phone water. Instead production pay trip recognize ok recent.,2023-12-11 20:19:00
2232,Premium Lipstick,Professional Electronics,MegaBrand,11.77,111,Dinner other sell new. Debate fire improve remember call method. Foreign outside her account agent.,2023-10-24 09:02:00
2233,Ultimate Face Cream,Professional Accessories,StyleMax,329.28,30,Interest hair series future throughout number. Should who court media part.,2023-02-05 15:02:00
2234,Modern Backpack,Footwear,SuperValue,89.89,328,Talk brother charge Congress. Into thing really listen husband shake party. Agree bad exactly work begin treat.,2023-11-27 14:23:00
2235,Ultimate Sunglasses,Professional Baby Products,UltraChoice,544.98,192,Land yes impact enjoy clearly.,2023-02-11 18:42:00
2236,Pro Jacket,Premium Bags & Luggage,MegaBrand,215.17,91,Finally but newspaper seem. Food education someone woman environmental all war. Figure happen present full certainly.,2023-10-03 14:33:00
2237,Deluxe Coffee Maker,Luxury Automotive,TechPro,456.14,500,Just similar shake drug fall political score. College court strategy much rate standard today.,2023-06-02 15:43:00
2238,Pro Watch,Budget Pet Supplies,ProGear,495.77,126,Thing activity tax tell skin. Method resource how listen. Method attack interesting writer everything.,2023-08-24 13:09:00
2239,Modern Blender,Professional Footwear,SuperValue,76.57,414,Politics prepare travel. Drive other chair lead maybe produce.,2023-12-05 14:39:00
2240,Premium Pan,Automotive,StyleMax,69.52,17,And bring continue compare. Administration reality history.,2023-08-17 17:43:00
2241,Premium Pan,Premium Toys & Games,TechPro,247.33,119,"Operation sense skill everybody. Political crime finally term open story so.
Cup significant admit.",2023-10-04 11:48:00
2242,Premium Jacket,Premium Pet Supplies,BeautyPlus,148.15,469,Region through wall would. Space must beyond.,2023-10-22 13:36:00
2243,Elite Resistance Band,Premium Electronics,BeautyPlus,526.98,338,Authority air sort investment guy such notice to. Really door against. Car thing shake grow.,2023-09-24 11:26:00
2244,Modern Knife Set,Sports & Outdoors,PremiumBrand,569.62,450,"Part or vote job. Class owner local mention.
Apply religious yet this return hand trouble. Statement get family main.",2023-03-31 18:43:00
2245,Ultimate Hat,Sports & Outdoors,SmartChoice,565.53,343,Report adult same. Place detail region garden. Week least deep carry summer.,2023-07-15 20:33:00
2246,Essential Backpack,Premium Beauty & Personal Care,HomeEssentials,186.92,94,Hope value under some. According assume skill wall political send. Before off window particular.,2023-10-03 15:15:00
2247,Classic Dumbbell,Premium Baby Products,BestBuy,95.16,237,Above low town. Theory off fine represent. Dinner position something miss including.,2023-01-30 16:26:00
2248,Ultimate Jacket,Premium Sports & Outdoors,FitLife,160.44,169,Child simple professional. Develop consumer life father wife situation. Just model thing drop the character.,2023-11-28 09:59:00
2249,Advanced Shampoo,Books,PremiumBrand,437.49,97,Image case answer free knowledge. Until relate hour large friend bag. City north role act alone view. Blue management record room program outside.,2023-01-27 12:24:00
2250,Elite Mouse,Professional Baby Products,StyleMax,121.01,389,Rather concern plant. Response he doctor stage usually recognize. Radio your throw project.,2023-10-28 19:42:00
2251,Pro Toaster,Professional Books,FitLife,522.98,170,Whom pressure rather employee plant pay. Just analysis strong.,2023-06-05 08:13:00
2252,Classic Jeans,Premium Toys & Games,SuperValue,292.55,124,Wide significant activity real often. Everyone call all. Into media recognize set ask. Feel party behind determine president they pattern.,2023-12-23 17:45:00
2253,Classic Lipstick,Premium Electronics,PremiumBrand,199.74,144,"Huge investment trial.
Available hit keep enjoy. You may reason by threat. Production now eye ok white.",2023-07-14 15:34:00
2254,Essential Dumbbell,Professional Electronics,SmartChoice,312.55,254,Physical product of single. Smile film task attorney say. Number poor throughout. Green accept share.,2023-08-27 09:51:00
2255,Advanced Resistance Band,Automotive,SmartChoice,194.61,23,"Commercial say side find. Another well drive provide think something.
Have minute back left leg agency other. Traditional boy song.",2023-10-16 11:47:00
2256,Deluxe Laptop,Professional Electronics,PremiumBrand,561.5,296,Mission travel reveal rather. Behind blood born job movie forward nearly. Thing notice less win cold real high might.,2023-08-02 12:09:00
2257,Classic Running Shoes,Baby Products,ProGear,346.17,125,Wall meet old tonight sound everybody which financial. Price yet catch. Class approach necessary past Mr personal stuff.,2023-09-13 16:41:00
2258,Essential Pot,Professional Toys & Games,MegaBrand,298.28,370,Own cultural act call physical actually already. Without everybody research chance system. Response marriage sure camera.,2023-11-25 19:31:00
2259,Advanced Dress,Professional Footwear,SuperValue,217.77,71,Discuss stock lead green total benefit Mr car. Raise prepare wrong bed. Like her part team.,2023-10-07 15:11:00
2260,Pro Keyboard,Professional Pet Supplies,TechPro,505.04,38,"Information add argue image. Why individual wide hotel west theory.
Doctor hour check now sound gun.",2023-12-09 08:48:00
2261,Premium Backpack,Home & Office,MegaBrand,382.1,34,Few page cold. Can college care think brother. Why eight skill program try.,2023-12-29 10:00:00
2262,Classic Scarf,Premium Books,SmartChoice,45.66,326,Determine nice source thought result. Water wind cost hand arm. Door early we we alone ready back.,2023-12-08 17:58:00
2263,Advanced Hat,Clothing,TechPro,324.0,210,Use organization me while as decade. Call computer experience against recently. Of understand view.,2023-01-07 08:33:00
2264,Modern Yoga Mat,Clothing,PremiumBrand,489.75,345,"Dream since open budget. His value experience young.
On easy today wait staff feeling first. Degree special laugh include price.",2023-08-09 20:58:00
2265,Deluxe T-Shirt,Pet Supplies,PremiumBrand,97.84,98,Five decide spring price school. Item town something employee. Any market poor clear possible staff agent.,2023-11-14 16:16:00
2266,Essential Knife Set,Premium Automotive,ProGear,56.61,491,"Usually as until happen power probably. Already TV low.
Assume control leg suggest. Build ago feeling whose realize.",2023-07-27 15:36:00
2267,Classic Coffee Maker,Budget Clothing,TopTier,498.55,41,Million hospital trade agree. Offer piece machine early. Rest whom good throw.,2023-12-01 18:48:00
2268,Premium Tablet,Professional Sports & Outdoors,ProGear,232.52,243,Different dinner interview medical will light. Traditional necessary learn memory.,2023-01-29 18:00:00
2269,Deluxe Tablet,Budget Books,MegaBrand,266.0,401,Type seven move election I customer. Send capital decide wide describe real. Center claim Republican admit. Senior factor young get.,2023-06-19 17:54:00
2270,Professional Mouse,Baby Products,FitLife,541.74,354,Talk boy area however. Every still according protect director next figure.,2023-10-18 15:17:00
2271,Premium Monitor,Premium Accessories,UltraChoice,175.41,278,Room so and five notice son. Process happy into result author not truth garden.,2023-10-16 18:02:00
2272,Deluxe Resistance Band,Clothing,FitLife,356.34,385,"Author term many. Rock bed film wait.
Sell involve water idea mother. Image not model democratic close make low. Something world continue just.",2023-07-23 09:19:00
2273,Deluxe Pan,Professional Health & Wellness,MegaBrand,511.16,346,West public size. Consider by animal building attorney success.,2023-10-04 13:24:00
2274,Deluxe Tablet,Premium Pet Supplies,BestBuy,584.84,27,Those become staff history girl. Either former age. Good recognize like also school.,2023-02-20 14:14:00
2275,Professional Running Shoes,Luxury Health & Wellness,SuperValue,372.17,304,Claim claim including deal. Doctor bad finish face modern. Subject shake particularly give example price easy.,2023-07-23 20:20:00
2276,Premium Knife Set,Premium Automotive,EliteWare,299.45,182,Enough moment put price no certainly. Order matter campaign.,2023-10-11 14:27:00
2277,Deluxe Perfume,Books,SuperValue,374.97,408,"Cover piece six have line one. Also act few note. High ask rich development area.
Today themselves blood single.",2023-05-07 19:04:00
2278,Professional Knife Set,Bags & Luggage,ProGear,429.88,324,"Need country receive however determine authority. Nearly answer daughter three couple imagine usually.
Teach crime leader. Enter debate blue feeling.",2023-03-20 19:24:00
2279,Essential Shampoo,Pet Supplies,StyleMax,13.06,157,"Ask enjoy year few success. Choice Mr social hand. Clear spring participant.
Hospital Congress seem role senior serve. Cut minute check soldier act.",2023-08-16 13:48:00
2280,Modern T-Shirt,Home & Office,StyleMax,120.55,229,"Against culture impact kid safe.
Situation half staff join interview simply. Particular seem firm together arm everyone have argue.",2023-10-13 16:32:00
2281,Ultimate T-Shirt,Clothing,StyleMax,218.8,47,Water son special something. Before response whatever. Fall thing around sport.,2023-11-02 17:50:00
2282,Essential Perfume,Electronics,BeautyPlus,254.14,398,Child quality pick fund the ask. First always what site. History serve example effort medical science.,2023-02-13 19:57:00
2283,Pro Pan,Professional Health & Wellness,PremiumBrand,110.04,194,"Work need southern sea anyone trouble. Lawyer anyone station fact.
Usually our good onto people edge great our.",2023-03-28 10:17:00
2284,Modern Knife Set,Budget Books,HomeEssentials,47.32,222,Heavy fly specific opportunity. Sure court crime save realize staff. Wish family kind toward adult.,2023-05-22 14:19:00
2285,Advanced Monitor,Budget Home & Kitchen,BeautyPlus,567.08,369,Civil there scientist increase environmental. Tv listen some civil grow child industry. Glass base special card pressure of.,2023-11-17 15:38:00
2286,Elite Blender,Premium Books,StyleMax,89.93,3,Leg result child impact step. Professional west amount help friend. Perhaps agree protect fund create.,2023-07-22 13:53:00
2287,Elite Perfume,Professional Automotive,MegaBrand,204.42,171,"Site head fast production. Represent Mrs thank myself.
Yard fear across shake body force news. Hope writer seek student. Amount home now.",2023-08-09 18:38:00
2288,Deluxe Dumbbell,Luxury Clothing,QualityFirst,568.88,102,Condition cover admit real. Expect particularly mother. Example magazine memory they.,2023-09-03 13:11:00
2289,Ultimate Resistance Band,Professional Clothing,BestBuy,420.02,251,Arm themselves institution. Scene seat relationship. Accept view security much.,2023-10-22 20:15:00
2290,Essential Perfume,Premium Clothing,MegaBrand,473.65,186,Process north particularly arrive. Move it state series value tax. Such year deal the. Throw pull third data sport imagine section measure.,2023-02-28 17:12:00
2291,Elite Sweater,Premium Accessories,SuperValue,334.55,487,Tonight response charge pull support. Glass cost say rock as.,2023-08-25 19:13:00
2292,Advanced Yoga Mat,Luxury Automotive,BestBuy,50.79,434,Leave me book wide. Often mouth east realize glass marriage. Wrong state character.,2023-07-29 18:31:00
2293,Deluxe Dumbbell,Premium Electronics,BeautyPlus,398.6,366,"Often part knowledge physical. Share include opportunity young.
Off how again about site leader. Effort goal pay number if away meeting.",2023-08-05 20:24:00
2294,Professional Sunglasses,Luxury Health & Wellness,EliteWare,353.51,273,"Structure worry clearly cause. Although hundred need top adult name establish.
Minute show a theory of couple. Form figure spring.",2023-09-17 19:26:00
2295,Pro Mouse,Premium Automotive,SmartChoice,423.95,415,"Big thousand sing green data treat. Hold best end north stay without. It notice me look return.
Most class there sound.
Piece daughter head reach.",2023-10-02 17:40:00
2296,Professional T-Shirt,Budget Toys & Games,FitLife,397.97,181,"Low professor western next upon stand.
Feeling although center sing. Food general our the. Firm international condition voice.",2023-03-27 18:39:00
2297,Premium Lipstick,Professional Toys & Games,SmartChoice,579.76,220,Range for others over for. Summer stand move fine. Store wide explain rock design coach stock.,2023-02-24 08:06:00
2298,Modern Coffee Maker,Premium Pet Supplies,BestBuy,316.08,297,Protect color success cause teacher big break maybe. Happy base at from appear surface another.,2023-12-19 17:14:00
2299,Advanced Shampoo,Professional Sports & Outdoors,EliteWare,465.67,301,"Oil reduce woman least employee suggest. Data four major move develop by design bar.
Dream popular truth woman interview. Message media threat.",2023-12-20 16:09:00
2300,Essential Laptop,Professional Books,StyleMax,184.3,471,Big north blue. Rate could evidence high because look. Value or however usually would difference.,2023-02-13 09:53:00
