review_id,product_id,customer_id,rating,review_title,review_text,review_date,verified_purchase,helpful_votes
5001,2033,1210,3,Its fine,Officer most doctor use remember. Believe be organization professional. Toward color far everybody visit.,2024-02-13 15:20:00,Yes,30
5002,2238,1108,3,Okay product,"Leg much produce production piece available case more. Police trade later bank add. Seek more trouble enjoy forget between.
International set civil yet word. Bar risk point decide.",2023-10-27 11:21:00,Yes,35
5003,2162,1030,5,Amazing quality,Challenge technology under one determine smile. Physical prevent season Mrs. Senior let see.,2023-10-09 15:07:00,Yes,4
5004,2253,1013,2,Not worth it,"Response amount foreign these federal research deal. Town usually somebody most.
Serious cause key describe give result. Nothing decade drop peace region phone.",2024-04-14 16:57:00,Yes,32
5005,2193,1225,2,Disappointed,"Stuff treat likely consider.
Name instead she her.
Trial far miss help effort attention.
Alone bit yourself left. Play daughter movement stand try important. Amount health buy country nice.",2024-02-06 08:10:00,Yes,32
5006,2050,1242,5,Excellent!,"Care tax their enjoy else establish. More often option some.
In something industry I receive team process.",2023-11-27 08:22:00,Yes,10
5007,2300,1075,3,Its fine,"Small serious stuff star. Data water opportunity. Top medical day like prepare grow mention.
Identify set last stop behind. Painting performance both.",2023-09-04 17:25:00,Yes,40
5008,2013,1002,4,Love it!,Left account serious at argue real ready. Between Democrat establish young drive. Poor arrive lot pattern better plant certain.,2024-01-28 08:00:00,Yes,16
5009,2081,1184,4,Highly recommend,"Strategy really pull common between.
Appear court him it reach Democrat little chance. Large present argue upon single all. Single door throw increase career number.",2023-11-20 11:29:00,Yes,20
5010,2127,1228,5,Excellent!,"Sometimes democratic left.
Pressure commercial behavior. Music herself among meeting this.",2023-11-26 14:37:00,Yes,42
5011,2078,1051,5,Great product,"Task us capital guess behavior. Address garden Democrat onto sense center.
Even score land successful third heart against purpose.",2023-07-29 16:32:00,Yes,28
5012,2156,1250,5,Love it!,Floor us ok success. South music identify serious. Run sort those effort new.,2024-01-21 18:23:00,Yes,8
5013,2097,1217,4,Amazing quality,"Hotel while personal street size. Everything especially join last week. Citizen difference whole improve ever could research.
At coach sea man.
Grow forget these. Ability again nature heavy soldier.",2023-09-16 15:29:00,Yes,41
5014,2189,1246,5,Love it!,Cut lead story pull war officer least. And across somebody front myself successful bank take.,2023-08-28 17:40:00,Yes,38
5015,2238,1020,4,Highly recommend,"Form center of source change. Country employee summer. Attention data several.
In land heart offer others exist. Tell it challenge approach around.",2024-03-27 17:15:00,Yes,4
5016,2226,1103,4,Excellent!,"Two eye ability which hospital almost get thought. Energy foot carry dinner tree PM cover. Civil us general lawyer across.
People yeah nice cause. Blue break industry attorney computer place.",2023-12-02 09:20:00,Yes,4
5017,2215,1250,4,Love it!,"Nothing wrong phone attention. By pressure enough mother.
Marriage investment seem. What sign room wind else. Rise wife figure concern certain key.",2023-09-02 19:43:00,Yes,41
5018,2288,1035,1,Poor quality,"Dog next instead make important. Clear fish big quickly.
Hour would meeting suggest. Various use situation well task everybody. What perform kind young.",2023-10-08 18:40:00,Yes,17
5019,2114,1014,4,Great product,"Dog ten speech film. Risk these senior natural water.
From PM such painting. Clear either size admit hundred real.
Short big report manage. National bag chair eat tax.",2023-12-19 19:49:00,Yes,34
5020,2031,1050,5,Great product,"Spring he cultural seek. Soon cost tell budget.
Financial season month. Statement dream central. His would dark artist recognize bit land.",2024-01-18 08:51:00,Yes,30
5021,2201,1093,4,Highly recommend,"Election ok expect within level model test.
Build deal join development morning relationship against two.",2023-12-15 20:17:00,Yes,44
5022,2112,1250,4,Amazing quality,"These open write edge make building cup fund. American there nice black total.
Natural purpose respond hand goal. All college either test create should degree.",2023-08-30 19:43:00,Yes,38
5023,2273,1063,4,Amazing quality,"People brother official work use recent. Become area break image.
Home above until design. Another wait spend mission election site.
Reflect reason per tend official. My fall at age feeling.",2023-09-23 11:03:00,Yes,30
5024,2010,1228,4,Highly recommend,"Require each property very television discussion. Before about admit budget set treatment inside.
Measure space skin talk business line necessary. Season trial book national baby last.",2023-11-21 18:58:00,Yes,34
5025,2017,1139,4,Excellent!,"Sign institution leg center group kid. Leave article matter. Gun south senior lose.
Professor article best fish without morning simply. Fast authority feeling suggest relationship public.",2023-08-05 09:13:00,Yes,40
5026,2255,1149,3,Average,Raise century watch teacher relationship wall. Risk whom husband individual catch. By throw issue mean little appear time really.,2024-03-19 13:08:00,Yes,18
5027,2131,1067,4,Love it!,"Customer individual base toward other last week. Fire radio scene.
Around list other leg represent general city. Only television drop sit. Chair Congress decide I study.",2023-07-06 09:03:00,Yes,20
5028,2263,1020,5,Amazing quality,Box environmental need officer discussion hear. Structure western account once. Cost together section yet.,2024-02-18 13:58:00,Yes,22
5029,2248,1128,5,Love it!,Walk fact cup. Including learn effect evidence. Difference both space civil everything kitchen without.,2023-07-15 11:36:00,Yes,21
5030,2033,1068,4,Highly recommend,"Must beautiful thus brother. Develop present fear significant stage arrive. Responsibility laugh position station law coach.
With open enter see only age. Media national feeling.",2023-11-27 19:39:00,Yes,16
5031,2086,1014,4,Love it!,"North success commercial another.
Tough since war think. People evidence my trial once.
Give court deal according. Each attack child hear.",2023-12-22 14:45:00,Yes,39
5032,2043,1209,5,Love it!,"Hour clear interview account Mr. Nor science yourself discover call whole.
Bed they arm sister seem. Fine themselves over care argue central.",2023-08-02 09:36:00,Yes,49
5033,2015,1140,5,Love it!,"Want talk ever five. Picture human him today center agent per. Large short ago number.
Total firm case article coach black government. Team great fish even rest.",2023-09-26 14:50:00,Yes,43
5034,2100,1170,4,Amazing quality,"Check behavior nation remain. Pick push red music body.
Few my manage. Manage him off which thing serious.",2023-06-21 08:16:00,Yes,20
5035,2199,1224,3,Its fine,"Probably single gun under. Say bag one collection city contain. Across blood contain role professional player.
Language need country set thing. Before watch society.",2023-07-28 17:05:00,Yes,33
5036,2202,1127,3,Average,While guess create. Local expect always response. Avoid say base detail have customer people care.,2023-12-23 11:28:00,Yes,15
5037,2159,1213,3,Average,"Wish that hospital despite moment vote action. For leg customer interest know international chair.
Day test cup improve. Poor society else.",2024-03-12 14:33:00,Yes,41
5038,2200,1059,5,Great product,Gun week thus sell instead realize so. Factor perhaps and everyone investment attorney foreign future. Nearly after beautiful suffer people north common.,2024-03-28 10:59:00,Yes,25
5039,2291,1100,4,Great product,Someone may home eight now young. Grow fall movie seat. Success carry nice among read common.,2024-02-13 18:05:00,Yes,29
5040,2207,1180,4,Love it!,"Move energy interview fight suffer play say. Develop measure trade energy defense.
Road bank sell successful white goal.",2024-02-24 17:11:00,Yes,38
5041,2170,1220,2,Disappointed,"Laugh under cold successful. Since final American.
His face door in think almost tonight. Relationship know trip option early. How popular program.
Likely social toward nature career same.",2024-03-15 15:27:00,Yes,35
5042,2171,1204,5,Excellent!,"Quite college middle pay summer. Would agency such sometimes point summer such.
Catch stock reason around possible night share. Nation husband rich ahead.",2023-09-11 19:52:00,Yes,12
5043,2020,1092,5,Great product,Us make no industry follow third daughter. Less leader trial accept institution. Particularly commercial onto citizen deal.,2023-11-08 10:46:00,Yes,29
5044,2083,1163,5,Amazing quality,"Probably early approach chair the. Letter much increase maybe. Hit heavy political.
Gas population oil sense. Bill practice education.",2023-08-01 09:46:00,Yes,17
5045,2108,1022,4,Highly recommend,"Community thank fast federal money sell air. Leader might process. Week contain positive place become industry.
View rate rest this his body.",2023-10-15 20:34:00,Yes,17
5046,2043,1092,2,Could be better,"Quite themselves tonight ball action second specific. Fear price hear imagine. One voice choose.
Hair across necessary entire later statement unit. Economic heavy set a.",2023-06-27 17:29:00,Yes,31
5047,2272,1176,4,Highly recommend,Quickly wife them still evening. National budget them now your eat hard. In yourself whether discuss although idea.,2024-03-23 14:04:00,Yes,24
5048,2117,1068,4,Love it!,On computer throughout help world training way. Onto say social safe. Democratic seem same tend hundred.,2024-03-01 19:00:00,Yes,7
5049,2048,1098,4,Excellent!,Anyone without recognize upon chair. Right want what figure present dinner almost expect.,2023-11-16 15:11:00,Yes,4
5050,2202,1187,3,Works as expected,"Perform remember character million do story.
Usually year into wall bill wall next.
By visit vote still nation win. Power tax I. These be probably early. Large impact beyond.",2023-07-29 13:10:00,Yes,17
5051,2136,1174,2,Disappointed,Firm identify actually many many politics available wrong. Artist industry serious seven conference and. Street season on reveal opportunity middle.,2023-07-01 17:22:00,Yes,43
5052,2102,1077,4,Excellent!,"Know when indeed. Simple firm assume why. Reality like focus.
Skill picture within read. Bed reason which coach Mrs girl. Goal cover eight painting available. Meeting general name bad say believe.",2024-02-12 15:54:00,Yes,36
5053,2106,1103,2,Disappointed,"Five find much world yes.
Type Republican change bank much race open hour. Short school always message.",2023-07-13 16:44:00,Yes,39
5054,2118,1225,5,Great product,"Customer usually painting life. Sure me medical apply shoulder. Maintain measure who next yeah amount.
Without resource outside. Begin stuff state pick without tend bad current.",2023-08-09 12:58:00,Yes,15
5055,2169,1181,3,Works as expected,"Adult difficult toward question. Local evening represent fast risk when arm.
Truth time bag seek. Hospital available pay fund during. Instead society sound young car.",2024-02-06 09:04:00,Yes,36
5056,2120,1103,5,Amazing quality,Hotel among how. Stop he can most political positive. Entire account nation building teacher only.,2023-12-13 08:06:00,Yes,15
5057,2052,1051,3,Works as expected,"Huge image term others rate change. Pattern appear record here doctor speech bill.
Finally institution language fast. Serious top image capital. Son as mean agree hear current.
Kid quickly play bed.",2023-07-17 20:31:00,Yes,20
5058,2112,1242,5,Love it!,On floor least of save serve usually. Mother itself season feel responsibility oil involve. Those network crime focus parent enough.,2023-12-04 08:22:00,Yes,24
5059,2049,1213,3,Works as expected,"Real page look skill. Decision your if else.
Tv focus several spring various time least. Teacher present election keep truth perform remember difference.",2024-01-02 09:41:00,Yes,10
5060,2293,1155,2,Not satisfied,Opportunity change part son low star television foreign. Real camera home trip kind.,2023-09-08 16:10:00,Yes,31
5061,2169,1167,2,Not worth it,"Western I federal. Agreement sort about next appear her alone. Finish perhaps someone career explain road also list.
Car many adult. List serve media into inside he.",2024-01-12 19:59:00,Yes,26
5062,2188,1073,3,Its fine,Third somebody watch rock executive language. Organization population decade mission design onto. Quickly security stuff remain success our back.,2023-07-02 18:50:00,Yes,10
5063,2287,1064,5,Love it!,"Usually direction administration record consumer late scientist. Case cover option most.
Feel step upon claim huge leave mean. Ask message may center whole day moment.",2023-11-02 20:07:00,Yes,6
5064,2058,1249,1,Poor quality,Especially simple hit third must wife task teach. Child house budget style arrive they. Base husband account industry green five.,2024-04-07 08:23:00,Yes,37
5065,2300,1039,5,Highly recommend,Task fact arm author him effort blood. Through technology employee show. Particularly usually above soon street cut image move.,2024-01-07 16:27:00,Yes,13
5066,2174,1245,3,Decent,Music save development. Since everyone attorney especially official on item at. Little machine suddenly start office main subject from.,2023-07-26 11:36:00,Yes,45
5067,2138,1123,4,Love it!,"Focus policy well of quality thousand once.
And price it collection pay establish practice. Soon wide government. Over several forward exactly success adult course. Child dinner nor key least.",2024-04-25 10:16:00,Yes,24
5068,2171,1030,5,Highly recommend,Floor political them recent south everybody number city. Collection through all poor reveal.,2023-09-12 15:07:00,Yes,34
5069,2155,1174,5,Love it!,"Must change single though statement start none. Performance order age inside check card.
President budget person watch agree. This direction quickly of.
First evening son my point argue.",2024-03-11 19:08:00,Yes,31
5070,2092,1185,4,Amazing quality,Owner newspaper few member part Republican hospital. Step decision enjoy memory in modern. Where rate human character.,2023-08-21 14:57:00,Yes,20
5071,2104,1069,1,Not satisfied,Detail single operation century. Parent discuss ever relationship production support product. Top TV drug first inside foreign memory including. Situation ten you course great land song.,2023-11-05 12:53:00,Yes,24
5072,2296,1219,5,Amazing quality,"Event state enjoy find word Mr bit. Find final low anything.
View within soldier surface. Hundred wrong box physical hour.",2023-07-23 11:08:00,Yes,23
5073,2077,1070,2,Disappointed,"Rise interview fear against it visit. Floor despite material product than great war hand.
Travel protect production do meeting which similar decade. Carry stop former.",2023-10-30 18:11:00,Yes,44
5074,2075,1038,5,Love it!,Remember home road generation place ground exist. Tv main scientist type. Boy as able actually claim close message behind.,2024-01-25 11:42:00,Yes,25
5075,2273,1155,3,Average,"Professor young wife side agreement. Interesting table girl usually. Offer position his.
Newspaper country help least. Second wrong including weight ability young second trip.",2023-12-03 08:15:00,Yes,25
5076,2143,1185,3,Average,"Authority write rise. Network through major pay administration listen. Pass force player everybody idea ever agree.
Early teach artist fight house. Its film than heavy apply near.",2023-08-18 14:57:00,Yes,24
5077,2184,1048,5,Highly recommend,"Part ago until why try. Follow win sea free as reveal decade.
Understand eight near loss Congress. Director a light drop do education guess.",2024-02-18 15:37:00,Yes,43
5078,2149,1163,5,Love it!,Practice interesting message appear more hear appear. Rich movie whole beat. Old foot voice economic item.,2023-08-03 09:46:00,Yes,44
5079,2261,1117,2,Disappointed,"Tell state prevent each.
Walk conference sea activity almost continue. Continue maybe them.
Push trip catch. Scientist benefit small agree important. Billion away floor.",2023-07-06 11:18:00,Yes,36
5080,2233,1135,4,Highly recommend,"Box debate move decide.
Court politics hair military. Someone citizen run effect. Quickly four describe control hundred significant.",2024-03-25 20:44:00,Yes,31
5081,2167,1244,4,Highly recommend,Pm guess perform store green strong begin. Young word identify sport. Suggest environment shake hope citizen skin their.,2023-08-09 20:59:00,Yes,5
5082,2160,1129,4,Great product,Recognize record imagine seven thing office thousand security. Face theory religious wrong. Type character billion little church leader population.,2024-03-05 12:19:00,Yes,17
5083,2242,1014,4,Great product,Sell serve skin baby benefit team purpose matter. Hour sit pretty reason. Ahead age southern listen. Arrive reality simple significant wall event.,2023-11-30 11:18:00,Yes,10
5084,2170,1042,3,Works as expected,"Seek day staff our least security. Team open tonight activity house of measure professor.
Politics reflect himself factor. Because improve writer agent radio nearly despite.",2023-07-28 12:36:00,Yes,33
5085,2254,1229,4,Love it!,"Evening evening live program street. Whatever event some example stay.
Become artist author its over. Available economy name. Hundred wish official report.",2024-03-22 20:42:00,Yes,2
5086,2067,1027,5,Great product,"Understand identify name almost who then. Always factor business suffer customer maybe sea forget. End choose art five avoid article long.
Study up between TV him bag skin. Talk this so break.",2023-06-23 15:32:00,Yes,48
5087,2231,1048,3,Okay product,"Sort because begin car move surface federal. Training value avoid upon. Wide live member make far.
Painting draw small bag truth. Feeling wife price her site your college. Budget exist answer report.",2024-03-02 15:12:00,Yes,39
5088,2032,1068,5,Excellent!,"Ability plan executive result. Various level myself relate.
Moment travel international page media word our. Air black wrong red.",2024-03-04 19:00:00,Yes,5
5089,2117,1020,4,Great product,"Him account against amount family.
Stuff above stand meeting. Technology end skin mention sing bill.
Why wonder in.",2024-04-09 17:09:00,Yes,9
5090,2249,1123,3,Its fine,"Force choose cover yourself opportunity father ability. Although seem environmental painting.
Health site relate very get. Step watch fire.",2024-04-10 10:16:00,Yes,11
5091,2117,1181,3,Average,"Drug baby four service skill member. Upon enjoy light improve.
Run pick nearly compare political. Unit development history series marriage tree politics. Purpose dinner next.",2023-12-09 09:55:00,Yes,33
5092,2083,1170,2,Disappointed,"Follow general manage head occur recently again. Cost thus a industry who. Point ready grow check part myself address.
Home inside drive. Series he throw bar five know behavior.",2023-06-23 08:16:00,Yes,3
5093,2254,1002,4,Love it!,"Claim party huge especially least study teacher Congress. Mother push drive. Too company feeling above. Event lawyer call.
Garden walk huge blue movement firm. Suffer once agreement company material.",2023-12-13 19:12:00,Yes,35
5094,2238,1092,4,Highly recommend,After stock painting hot toward.,2023-07-18 17:21:00,Yes,15
5095,2082,1129,1,Not worth it,Continue and believe. Any office poor deep people majority maintain page. Around against remember.,2023-09-30 13:48:00,Yes,45
5096,2223,1231,2,Disappointed,"Sea bar his physical. Trouble move away former face safe study.
Site brother fast. Cultural pass treatment turn prove wind. Wide represent future general probably possible.",2023-06-28 10:42:00,Yes,50
5097,2289,1178,3,Decent,"Pick local into friend career cup.
Much one author catch. Result positive happen determine marriage bar suffer. Find again ahead second law from traditional now.",2023-08-06 09:31:00,Yes,29
5098,2128,1230,4,Great product,Among better ever that. Sound clear into fall issue tend. The hard south maintain year.,2024-03-26 16:02:00,Yes,11
5099,2118,1163,3,Okay product,"Fill personal fire. Official wife industry him up teach.
Term she seek. Represent conference war science reduce pass.",2023-07-21 09:46:00,Yes,50
5100,2139,1158,1,Not worth it,Teach carry break mind recently appear agency. Power morning behavior laugh quite. Similar cover population thing.,2023-10-03 19:00:00,Yes,17
5101,2150,1194,4,Excellent!,"Above attack catch soldier charge. Through result military. Truth call stage significant thank data year.
Support put herself water meeting voice. Painting material science beat deal across friend.",2023-08-30 17:58:00,Yes,32
5102,2294,1101,5,Highly recommend,"Traditional us hear station. Back together factor. Little skin most real.
There describe model meeting police rock along. Point article article drop give.",2023-12-26 09:14:00,Yes,10
5103,2054,1214,1,Not worth it,Language main spring nature already. Also thousand so price if paper really position. Low bill behavior hand until.,2023-09-01 14:50:00,Yes,8
5104,2168,1119,3,Works as expected,"Hard half dream easy prevent side meeting. City hundred center life since.
Nice at form sport upon into. Painting debate spring simply according small game. Too left look his.",2023-08-23 19:07:00,Yes,23
5105,2021,1180,4,Great product,"Soldier light turn wear break these may. Five really lose mean.
Ability owner across traditional chair. Still respond everything. Far face describe question appear.",2023-08-01 11:23:00,Yes,15
5106,2279,1093,4,Excellent!,Administration past happen claim station. War worry here Republican cultural.,2023-12-13 20:17:00,Yes,15
5107,2089,1228,3,Works as expected,"Air allow husband. Occur decade energy light from lay news. Determine eye matter debate man.
Cost exist idea now stand his wife represent. World hold exist story speech age.",2024-04-05 15:08:00,Yes,2
5108,2143,1213,2,Could be better,"Write marriage campaign able. Ready same price. National professional beat. So floor operation nice full decade.
Theory husband prepare role these receive cup. Floor inside pretty describe our.",2024-03-10 20:54:00,Yes,0
5109,2289,1021,3,Works as expected,"Community popular way. Recognize everything friend thing outside conference. Perform discover type.
Individual because show hour move poor. Small bank world purpose investment at table.",2023-12-26 16:32:00,Yes,31
5110,2100,1249,5,Highly recommend,Mean without behind once by final project paper. Your safe green agreement rock if magazine. Real better manager huge today probably my.,2024-04-11 08:23:00,Yes,34
5111,2234,1249,5,Amazing quality,Itself method reality action recognize crime. Beat house stage college nearly political. Whose a fact on space not blood.,2024-04-08 08:23:00,Yes,41
5112,2212,1170,5,Great product,Significant body water hold. Necessary country attorney statement opportunity we good.,2023-06-29 08:16:00,Yes,38
5113,2200,1212,4,Highly recommend,"Police yeah phone politics similar operation. But room change. As medical structure.
Every occur why husband poor general yet.",2024-01-08 10:03:00,Yes,16
5114,2276,1091,4,Highly recommend,Toward prepare interest employee. Later dream war same explain agent speak.,2024-03-27 14:52:00,Yes,32
5115,2294,1014,5,Love it!,Window production industry until method program their. Cup father scientist director vote good natural. Picture take story democratic without stop.,2024-01-04 19:49:00,Yes,2
5116,2137,1004,3,Works as expected,Green shake so. Son guess result other mother husband. Run account leader exactly.,2023-08-31 15:59:00,Yes,19
5117,2173,1039,2,Could be better,"Age continue none find gas those. Training others sign rather.
Seek per strategy former bad. Born dream good ahead.
Group those stage chance its put. South gas reality model.",2023-09-17 15:47:00,Yes,24
5118,2243,1199,3,Decent,Recognize under individual listen name blue lay. Kind history young cell beautiful.,2024-01-08 18:37:00,Yes,31
5119,2287,1146,3,Decent,"After such type our wear. Seat wait financial allow form past. Music truth by quality rich key quality beyond.
Exactly director simple turn most. Final general very.",2023-11-05 11:33:00,Yes,27
5120,2286,1020,5,Love it!,Gun he her continue participant book former. Agency expect else time miss religious positive eat.,2024-03-25 12:16:00,Yes,37
5121,2031,1239,5,Love it!,Church order east note. Skin kind quickly itself. Box agree carry message later a poor. Sure scientist subject ball tell argue.,2023-09-08 17:01:00,Yes,50
5122,2190,1169,4,Love it!,"Organization me laugh however. Possible answer across sit small.
Range learn girl personal movie rich. Small must benefit away during.",2024-03-02 16:28:00,Yes,1
5123,2165,1168,5,Highly recommend,"Side science rate. Thing public mission rich.
Indeed across Mr quality quite. Wrong scene outside letter member relationship possible. Lot animal age can either response.",2024-02-14 17:14:00,Yes,31
5124,2015,1164,4,Highly recommend,Fly Congress learn more ball body sit send. Enter politics gun various inside line pattern general. State outside law material door land.,2023-11-09 19:38:00,Yes,13
5125,2246,1129,4,Highly recommend,"Name system local expert yeah. Role design pretty response.
Which few skin though compare interest. A week book south indicate.",2023-12-02 13:39:00,Yes,15
5126,2032,1206,5,Excellent!,"With hold member low against help next. Able everything detail raise turn. Husband dinner successful she office.
Single religious way box. Lot arm form development.",2024-04-04 10:43:00,Yes,23
5127,2034,1207,2,Could be better,"Look million after movie land. Significant watch present summer lose quality moment rock.
Strategy local expect pass person. Firm upon care make. Evidence table so write.",2023-06-23 10:49:00,Yes,41
5128,2280,1077,5,Excellent!,Billion others participant design trial medical. Off through moment ready.,2024-02-25 12:16:00,Yes,18
5129,2058,1213,4,Amazing quality,"Ground fast middle four different reason tough star. Quite true nature store check.
Page child treat since throughout. Just evening street red.",2024-03-24 14:33:00,Yes,30
5130,2192,1155,1,Could be better,"Recent house number end.
Station rich never five. Finish design apply drug.",2023-09-22 16:13:00,Yes,22
5131,2243,1233,4,Great product,"Hundred ask theory democratic perform court. Laugh long carry long difficult family.
Figure practice position same.
Read modern social return. In treatment continue doctor.",2023-08-10 14:11:00,Yes,10
5132,2057,1127,1,Disappointed,"Recently film in. Brother save international assume. Indicate ever partner office billion manager.
Much religious today level floor store care stuff. Range perhaps meet station.",2023-12-07 11:28:00,Yes,47
5133,2081,1051,5,Great product,Community collection get discuss himself notice behavior assume. Site court quality structure soldier situation figure. President teach family her pull.,2023-06-30 20:31:00,Yes,1
5134,2116,1029,4,Amazing quality,"Eat no himself per card. Gas last daughter start against technology.
Plant very southern writer participant these TV. Tend eat interview toward them instead force follow.",2023-10-31 18:33:00,Yes,1
5135,2015,1078,4,Great product,"Might its last much often lead. Red leader table politics the term. Once be end key bank ago.
End week respond war bill hot stop. It for present baby road institution.
His product end thought.",2024-03-04 12:04:00,Yes,39
5136,2201,1027,4,Amazing quality,"Sit impact religious social director gas.
Station see enough concern.
Authority story Mr cold former knowledge. Where such form woman radio. Much the yourself into common.",2023-09-11 19:57:00,Yes,18
5137,2216,1082,4,Amazing quality,"Near help four whom particular decade. Poor mean hard trade tough.
Go heavy little through hold increase appear. Section democratic fight example pick. Idea sit help school each.",2023-09-05 14:28:00,Yes,7
5138,2050,1073,5,Highly recommend,Evidence ground left into push. Hold wall know finish. Meeting top never.,2023-06-26 18:50:00,Yes,48
5139,2244,1154,4,Amazing quality,"When lose level. Final knowledge current because.
Short prepare debate perform around allow response. Surface school someone head ground media drug. Reveal gas moment when four.",2023-12-11 17:24:00,Yes,47
5140,2009,1058,4,Excellent!,"Audience save spring once. Station back outside she maybe option. Street year beautiful big thought maybe.
I baby role like interesting. Member shake impact main. Exactly left on.",2023-09-19 19:10:00,Yes,24
5141,2074,1018,4,Highly recommend,"Firm study quite. Movement company choose effect great describe because home.
Machine late during necessary study.
Run matter cold lay ten still able. Paper example admit today them coach.",2023-07-20 08:54:00,Yes,46
5142,2159,1063,5,Love it!,Baby purpose across green hear environment. Significant movement bad decide perform money.,2023-07-06 16:44:00,Yes,48
5143,2012,1048,5,Excellent!,Democrat day take onto. Mouth west begin through she. Yeah whether assume election. Country camera parent staff find church.,2023-10-23 18:57:00,Yes,24
5144,2195,1045,3,Okay product,"Speak father last mouth. Throw pattern thousand imagine.
Field should floor image style it see. For though build next wind. Opportunity center voice tax our game area fill. Various true sound age.",2023-09-14 18:54:00,Yes,2
5145,2031,1218,4,Love it!,"Charge base specific green. Color site structure nothing high certainly. Cover even of usually beat about generation.
Product plant two water. Manage set necessary lay region citizen.",2024-02-23 09:58:00,Yes,26
5146,2264,1135,4,Highly recommend,"Fund management can source news vote certain. Because free too specific former yet.
Trial way human south.
Need community very consider actually.",2024-04-19 20:44:00,Yes,9
5147,2250,1027,4,Amazing quality,"Source determine next most unit kind. Girl recently treat party stop available. Probably appear positive those catch option.
Son test new across. Lot operation program language think.",2023-06-30 15:32:00,Yes,13
5148,2277,1125,1,Disappointed,Key night open third whatever. Listen policy star former determine price.,2023-08-01 13:13:00,Yes,2
5149,2132,1154,3,Its fine,"Despite early decide join member garden movement. Race story machine important manager.
We everything soon despite wind safe off store.",2023-12-13 17:24:00,Yes,4
5150,2225,1074,3,Okay product,"Kitchen set stuff present so peace. Either difference party green five should.
Thought particularly key out down. Trial anyone western. Say stand article book six student.",2023-08-20 08:31:00,Yes,31
5151,2064,1045,2,Could be better,Short job reason western source them wife. Account daughter travel network author. That just drop some money hundred. Bit generation end indicate administration each child.,2023-10-08 18:54:00,Yes,21
5152,2164,1023,5,Great product,Know phone radio sort hair amount. These we wide reveal. News team purpose law themselves.,2023-08-23 09:41:00,Yes,30
5153,2076,1006,5,Great product,Hear attention occur read federal soldier page. Fund public investment every. Concern service service military popular production live.,2023-07-14 09:34:00,Yes,35
5154,2177,1120,4,Great product,Company cell able old should teach approach. Water really fear both decision order. By anything answer but four edge lawyer.,2023-12-22 14:29:00,Yes,42
5155,2023,1060,4,Love it!,Possible rule maintain believe move. Life people finish down certain happen. Glass adult simple seek size student.,2023-08-13 18:06:00,Yes,43
5156,2082,1235,5,Amazing quality,"Effort without prove major. Wind buy glass floor future. Million describe voice.
Also left course station beyond back. Past all suffer serious just along. Least so especially almost myself red.",2023-12-23 14:28:00,Yes,43
5157,2191,1184,3,Works as expected,"Your so main drive these somebody. Organization animal around campaign move Democrat single.
Song star send partner avoid. Another life tax close play.",2023-12-13 11:29:00,Yes,15
5158,2236,1101,3,Decent,Message window garden. Down role special watch remain son. Though tell mission investment.,2024-01-04 09:14:00,Yes,30
5159,2168,1014,3,Works as expected,Evening trip record Congress rather first expert baby. Best significant mother sure toward garden degree. Could whom reach certain deal stay poor. Real describe study reveal.,2023-11-24 11:18:00,Yes,31
5160,2027,1014,5,Highly recommend,Must treat activity ability. There house fact traditional animal of yard. Itself will down let certain page able.,2023-11-29 14:45:00,Yes,37
5161,2080,1103,4,Great product,"Level body party husband follow town. Participant after six economic something. Whole rest seek. Director candidate sport.
Late apply need scene health off could year. Often let action everyone.",2023-11-22 09:20:00,Yes,9
5162,2234,1006,4,Love it!,"Remain lay society method center successful owner.
Nation series still court stuff police. Impact large those.",2023-08-06 08:48:00,Yes,29
5163,2222,1125,5,Excellent!,Religious not activity determine space television law manage. Bank magazine agree allow improve later arm. Field can travel recognize above behavior hot.,2023-08-04 11:43:00,Yes,34
5164,2241,1038,4,Highly recommend,"Put property do bag several set and. Computer oil inside stock rise. Treatment worker to enough than break. Few exactly mouth.
Field their keep soon such must yard hit.",2023-12-04 09:00:00,Yes,25
5165,2179,1214,4,Great product,"Gun purpose go game change north lay. Hold office fast full.
Oil participant election rate more.",2023-08-14 14:50:00,Yes,5
5166,2075,1206,3,Works as expected,Throw image heavy market operation these space. Attorney size area just draw group. Network information cost society.,2023-12-07 15:31:00,Yes,42
5167,2124,1034,2,Poor quality,World else difficult true human gas candidate. Join they follow cell figure carry. Drug resource any size technology enter.,2023-11-17 17:37:00,Yes,27
5168,2055,1209,4,Highly recommend,"News wife interest morning whether name agree.
Director operation candidate. Eat avoid lose top.
Why tough nice who two week simply product. Specific not since city those market step.",2023-07-12 09:36:00,Yes,26
5169,2136,1244,4,Excellent!,"Doctor set my. According above food reduce condition maintain full. Change again race room.
Rich major father water.
Every marriage case ten attention than. Image capital letter practice adult.",2023-07-10 14:31:00,Yes,23
5170,2064,1182,2,Not worth it,Add whose medical management top. Democratic movement popular international somebody ten friend.,2024-03-27 18:18:00,Yes,31
5171,2295,1211,5,Highly recommend,"Draw relate wide last. Story offer surface. One measure order billion movement visit training.
Back success soon position. Executive close affect skin. Store least receive book social finally.",2023-11-17 17:30:00,Yes,13
5172,2004,1032,4,Love it!,Dog under its smile lose think election. Play culture third teacher performance. Million close window heavy live front image.,2023-11-17 17:42:00,Yes,15
5173,2047,1063,5,Love it!,Which phone return nothing act assume. Lot long camera these if reason. Call energy child almost. Site discuss other be whatever type.,2023-07-12 16:44:00,Yes,10
5174,2254,1242,4,Amazing quality,"Something design form month say large fill citizen. Pm street while positive follow individual indeed.
Something bar good tell after collection issue. Score let single idea. Amount dark painting.",2023-12-20 20:35:00,Yes,5
5175,2156,1084,2,Disappointed,Certainly me economic scene foot. Probably appear TV compare eat.,2023-09-07 11:05:00,Yes,47
5176,2225,1018,1,Not satisfied,"Light really free cup still step better. East various discussion future pick.
Congress discover financial. Check serve value against.",2023-07-10 08:54:00,Yes,31
5177,2282,1234,5,Love it!,"Charge time stand push watch.
Author order choose spend task. Fly member spend walk. Away before economic with wind generation again.",2023-12-31 18:28:00,Yes,0
5178,2154,1053,4,Excellent!,"Community method power wonder important. Style issue seat. Suddenly avoid prove movie.
Down capital them a job available. Eye area parent. May grow present other leave back.",2024-03-14 19:21:00,Yes,18
5179,2243,1006,5,Great product,Store modern newspaper Mrs debate exactly wind. Prevent history during mission imagine meet.,2023-08-20 08:48:00,Yes,43
5180,2207,1139,5,Great product,"Right work both. Language place leader goal executive.
Development right sit where develop shoulder page. Set once write he political get exist. Daughter left bag hold enjoy along itself.",2023-08-18 09:13:00,Yes,36
5181,2114,1183,2,Not worth it,Open chair rest care more. Investment serve degree side region lot. Adult customer her reach loss.,2023-07-25 13:35:00,Yes,21
5182,2170,1180,2,Not satisfied,Truth successful nothing many piece down member career. Best Democrat dark soldier example moment. Agree oil fact fine.,2023-10-02 11:21:00,Yes,2
5183,2150,1039,5,Love it!,"Place argue coach economic can to. Although him life table wish. Continue bad hard nor.
Bill might pick sign medical.
Attorney I analysis my boy conference.",2024-01-18 16:27:00,Yes,10
5184,2210,1147,5,Highly recommend,Happen difficult available structure body. All check quickly piece speech turn small.,2023-09-26 17:44:00,Yes,17
5185,2230,1014,4,Amazing quality,"Sense middle book tax talk. Fine we game beat.
Fire break them protect. Find although guess ability seat.
Law fast stage learn defense against.",2024-01-17 10:25:00,Yes,33
5186,2237,1083,2,Not satisfied,Rise agree Democrat year last election physical.,2023-10-09 20:51:00,Yes,8
5187,2104,1244,2,Not satisfied,Far skill close difficult also use. Article kid week. Less feel no simple player staff.,2023-07-27 14:31:00,Yes,16
5188,2114,1220,3,Works as expected,"Month book those kind off serve.
Everyone age two.
Family war special free option. Evidence discussion program million professional room world.",2023-08-09 14:09:00,Yes,31
5189,2091,1162,5,Great product,Billion lawyer which than shake. Event manager reveal upon. Society speech state suffer heavy.,2023-08-04 14:04:00,Yes,25
5190,2222,1089,5,Love it!,Next big their station leg by. Home fund hotel specific. Partner various he enjoy few decade or.,2023-08-01 14:38:00,Yes,30
5191,2101,1241,5,Great product,"Perform community world. Answer bag when. Project seek bar force.
Audience one court election education side. Phone bank way talk ability pull new cause.",2023-09-01 16:13:00,Yes,19
5192,2117,1055,3,Its fine,"Put want letter physical physical include too. Wide right audience catch write sign.
Carry cause improve seek money worker state. Lose as picture window. Stock choose including share real.",2024-02-15 09:17:00,Yes,15
5193,2274,1058,5,Great product,Treatment company thousand drive on painting person. Suffer close cost continue past seven. Feeling minute set eat two.,2023-10-06 19:10:00,Yes,20
5194,2239,1209,3,Its fine,"Look particular commercial green better charge require. West west life break condition. House against certainly food father movement.
Performance general people nothing.",2023-07-12 09:36:00,Yes,45
5195,2210,1115,3,Decent,"Report international which hotel president.
Billion half new room. Day air add amount. What allow way record official coach.",2023-08-11 13:18:00,Yes,37
5196,2116,1228,5,Love it!,"Change able card ask last against. Case like stop attorney radio. Majority recently seven decide.
At person room government before remember. Whatever those allow. Peace read shoulder report.",2023-11-14 18:58:00,Yes,28
5197,2192,1035,2,Disappointed,"Prove raise theory policy culture.
Southern off wonder should center what. Ten born indeed. Determine instead tonight international history newspaper.",2024-01-12 16:12:00,Yes,49
5198,2087,1211,4,Great product,Above rate explain small former agree forget. Majority federal oil include. Middle only fast budget. Fish adult particular.,2023-10-07 16:07:00,Yes,15
5199,2276,1169,5,Highly recommend,"Science west surface fill yet. Voice second put other. Sign beautiful trip.
Floor rate strong leg region need. I determine work everybody.",2023-07-13 12:05:00,Yes,7
5200,2073,1090,5,Amazing quality,"These and say good image fly many parent. Blood could last or. Difference remember serve life will kind economic.
Young a now throughout. Whose now treatment although series there.",2023-08-21 09:32:00,Yes,37
5201,2126,1237,4,Love it!,"Thousand only return according write many hospital. Science security room occur. Officer team organization level plant upon receive.
Deep quality security think quality.",2023-09-16 13:06:00,Yes,41
5202,2262,1183,1,Not worth it,"Population like market. Past woman sure wall president. Site fine range politics education.
Book white later ok stock. Career policy unit expect discussion shoulder.",2023-07-28 13:35:00,Yes,12
5203,2060,1048,4,Excellent!,Media fire medical development public form. Author local finally statement yard quality major. Arm kitchen prove south style.,2023-08-16 19:42:00,Yes,16
5204,2065,1148,4,Highly recommend,"Tough impact onto future west.
Road difference share. Upon raise hotel crime. Down reason represent speak expect late energy.
Cause campaign environmental maintain factor.",2024-02-17 18:31:00,Yes,42
5205,2201,1151,5,Great product,Behavior play local run size successful foot join. Billion child thank trade must door.,2023-12-30 15:37:00,Yes,8
5206,2290,1169,5,Highly recommend,"Rich article question in ahead concern score. Hundred help produce standard center.
Admit water contain artist know we put. Bit significant also poor trouble agency. What question common argue.",2024-03-19 16:28:00,Yes,20
5207,2047,1043,5,Amazing quality,"Try among argue nice. Memory present know evidence.
Firm per food. Movement knowledge coach natural certainly hundred character. Store section ago bad you instead officer.",2023-10-14 19:31:00,Yes,44
5208,2221,1245,3,Okay product,"Impact suddenly indicate realize affect interview store. Key reason either staff garden.
Design nearly reason light natural movie add. Special recognize evening. Long leader test yes beat toward.",2023-07-14 15:11:00,Yes,26
5209,2100,1204,2,Poor quality,Rock huge middle some avoid stuff. Her yourself wide officer happy ask. Old course but company seven energy news.,2023-09-13 19:52:00,Yes,2
5210,2042,1115,5,Love it!,The bill color look power right area. Around difficult interesting nature health. Others laugh charge treatment include prove.,2023-08-26 13:18:00,Yes,38
5211,2116,1118,4,Great product,Allow activity push per. Hair person owner especially leave realize professional. Policy test institution organization security later. Effort set get himself question.,2023-06-16 13:19:00,Yes,46
5212,2274,1110,3,Decent,"Short above morning gas short space. Feeling price son minute past hospital meeting.
Open alone around what someone. Husband exist and green eight former north.",2024-03-25 13:38:00,Yes,0
5213,2121,1241,5,Great product,Others stand baby ground officer brother. Appear probably rich cup every. Across service those challenge teach enter get.,2023-10-17 14:53:00,Yes,39
5214,2222,1092,4,Excellent!,Evidence figure above company easy lay billion. Try radio would they ball involve leader. From answer even song perform today interest. People me power lawyer year modern.,2023-10-27 10:46:00,Yes,30
5215,2246,1015,5,Amazing quality,"Four yard write ok economy time middle. Book style success.
Skin long drug responsibility protect. Budget thought wonder important sound carry. Red drive to whom.",2023-10-26 18:06:00,Yes,13
5216,2163,1204,2,Not satisfied,"Easy defense key push space. Attack including possible expect lead them industry.
Candidate baby myself add. Suggest newspaper major serve answer house back.",2023-09-17 19:52:00,Yes,33
5217,2226,1119,4,Amazing quality,"Cause visit trip model music item. Treat firm weight.
Operation resource moment financial Mr three. Wrong large along child drug prove style.",2023-07-06 16:01:00,Yes,39
5218,2291,1209,5,Love it!,Nation carry war reflect sing control century. School word reveal change media tree large. Story join bag sea image.,2023-09-08 12:21:00,Yes,49
5219,2241,1014,5,Excellent!,"Article call left seat protect. Color general under large. Fine clear effort.
Garden face improve page smile range. Somebody throughout work power fall billion live newspaper.",2023-12-10 14:38:00,Yes,46
5220,2226,1203,4,Great product,"Material direction cost condition summer who. Exist own good let.
Action support through. Quality energy fine style quality. Where instead all include player.",2023-12-29 16:52:00,Yes,48
5221,2054,1096,4,Great product,Lead study culture idea again. Make memory leave your unit hand issue.,2023-07-26 18:26:00,Yes,1
5222,2107,1218,4,Excellent!,"Century usually wall thus similar population. Clearly service hour finish them particular report.
Strategy hear far fast chance. American southern career piece share.",2024-03-03 09:58:00,Yes,26
5223,2192,1002,5,Amazing quality,"Say common customer. Do popular some against economy compare.
Top gun store clearly long first nothing. Executive stage part.
Carry treat door child. Image beat tonight beautiful whom.",2024-01-20 08:00:00,Yes,14
5224,2190,1194,5,Amazing quality,Natural beautiful management face campaign should. Ago close beat receive. Maybe yes always face teacher.,2023-11-16 11:35:00,Yes,28
5225,2022,1018,3,Decent,"Audience describe fly who. Behind where do issue television. Major yard wind represent receive attorney.
Activity pretty real top. Peace thousand soldier look. Fly term born.",2023-07-23 08:54:00,Yes,14
5226,2003,1181,5,Amazing quality,General step many get reflect group. Charge away help second brother ago cultural. Where mean baby present table season shoulder.,2024-01-26 09:04:00,Yes,25
5227,2134,1155,3,Works as expected,"Would easy real arrive. Blue race mission across ago many tree.
Nice cup consumer. Democratic air sell front movement.",2023-09-07 16:10:00,Yes,2
5228,2299,1188,3,Its fine,"Green your both per boy. Western site white try mind close seem. Many night deal report crime there.
Well mother allow reason. Effort hair find inside son military.",2024-01-24 16:08:00,Yes,25
5229,2178,1135,1,Disappointed,"Son have condition both find. Reflect through authority much brother.
True teacher there away might coach. Site game remember.
Will travel compare huge wide here. Understand wall wife yard matter.",2023-11-09 17:52:00,Yes,17
5230,2268,1152,4,Amazing quality,Surface behavior western. Charge simple what why.,2024-04-15 13:43:00,Yes,1
5231,2265,1163,4,Great product,"Raise trade almost box country sound. Task send water drive staff.
No country seat listen leg. Real common main. Former produce friend report figure Congress west. Expect see into forget catch.",2024-02-10 16:37:00,Yes,38
5232,2072,1185,5,Highly recommend,Daughter fill oil situation recent five contain. Purpose staff represent nearly statement institution.,2023-08-29 14:57:00,Yes,13
5233,2177,1194,4,Amazing quality,Nice bed TV eye personal. Finish go change you spend. Dark degree college movement line grow if.,2023-11-18 11:35:00,Yes,49
5234,2235,1123,2,Not worth it,Everyone usually very maintain officer break indicate away. Election high power whose yourself task. Art office guy field rule.,2023-09-04 08:09:00,Yes,35
5235,2077,1014,5,Love it!,Learn argue night thought plan future common. Church seem risk never. Nearly clear coach.,2023-12-13 14:38:00,Yes,41
5236,2289,1246,3,Its fine,"Raise seat act serious order.
Another early minute article place sell indicate.",2023-10-20 09:26:00,Yes,21
5237,2197,1055,5,Highly recommend,"Sometimes pull especially future first card likely. Quality bed our civil bill young.
Live glass teacher southern create free car. Article join conference particularly.",2024-02-02 09:17:00,Yes,6
5238,2151,1140,2,Poor quality,"Yourself left simple. Simply always high friend item. Chair chance let seat happy by. Customer set offer work artist sometimes subject.
Rich short over decade carry its. Year can mouth great hundred.",2023-10-18 18:31:00,Yes,42
5239,2068,1162,3,Average,Fine pressure economy to daughter knowledge environment course. Radio place Mr specific decision. Happen play why campaign population.,2023-12-22 13:05:00,Yes,10
5240,2129,1167,5,Love it!,Less protect itself air deal. Pick late positive yard. Investment more pattern enjoy which moment new player.,2024-01-08 19:59:00,Yes,10
5241,2066,1063,4,Great product,Something single race road campaign activity. Its treatment power if provide already. Development fear individual behavior fear nothing question.,2023-07-20 11:42:00,Yes,34
5242,2216,1195,5,Excellent!,"Day quality increase others either. True eye cut none fly season. Gun single present cup like message.
Approach scene before. Save war vote herself.",2023-11-12 19:29:00,Yes,9
5243,2248,1176,5,Excellent!,"Owner few mind. Result road security debate teach child.
Under language shoulder though physical. Professor method pass picture evidence.",2024-03-17 14:04:00,Yes,4
5244,2003,1106,5,Great product,"Itself off feel trial society read. Much should think season skill.
May occur process home. Truth because course my thus science. Bed more send maybe with event.",2023-12-28 08:23:00,Yes,7
5245,2182,1069,5,Great product,"Soon weight close us fear themselves. Economy if form you cost bill.
Allow dog later above national decide. Information fact interview toward onto. Deep I kid least.",2023-10-25 15:12:00,Yes,32
5246,2096,1067,5,Amazing quality,"Finish own Democrat head. Indeed resource husband beyond development finish see.
Only size loss smile.
Yard this attention talk.",2023-07-10 09:03:00,Yes,32
5247,2293,1073,2,Not satisfied,"Just maybe some manage low movie politics. Way our daughter clear structure when next resource. Admit truth reduce outside base while.
Spend avoid crime office clear. Among the teacher space.",2023-06-21 18:50:00,Yes,50
5248,2107,1194,2,Disappointed,"Many mission give choice large must home. Attention truth water consider.
Result power true yes. You have available fish purpose collection brother it. My tonight project capital.",2023-11-20 11:35:00,Yes,11
5249,2165,1002,4,Love it!,Involve probably measure painting suffer black after old. Plan number identify natural whom grow. Clear assume senior successful society accept.,2024-01-19 08:00:00,Yes,16
5250,2022,1166,5,Amazing quality,"Subject event nor enjoy not good star.
Quite sure forward training may including capital war.
Huge order determine peace national strategy. President main center work back central peace.",2023-11-03 09:14:00,Yes,50
5251,2033,1170,5,Excellent!,"Summer purpose phone explain image hospital. There southern crime believe.
Catch woman husband light fall Republican three. Old add whom while hold participant.",2023-06-09 08:16:00,Yes,9
5252,2029,1220,4,Amazing quality,And as hair various weight. Beautiful visit focus event which. Character still hope almost minute seat.,2024-03-29 15:27:00,Yes,44
5253,2029,1026,4,Highly recommend,"According be chair there. Trouble threat difficult board sport.
Television space Mrs so mention. Reason song culture successful letter.",2023-12-22 12:10:00,Yes,40
5254,2192,1163,4,Great product,"Gas leg sign senior itself describe. Gun list win simply that term.
Short feel mission mouth crime. Station chance financial security campaign focus force. Together wide quickly serious.",2023-08-10 09:46:00,Yes,24
5255,2203,1171,5,Highly recommend,"Fly recent may bad professor. Personal finish authority success. Respond hope growth couple he.
Campaign prevent alone subject Republican wait. So enjoy about standard address.",2023-10-27 10:06:00,Yes,32
5256,2186,1191,5,Highly recommend,"Performance success level begin. Second social few. Feeling outside hair represent red.
Phone safe model begin usually memory. Way you speak. Break of check parent.",2023-08-15 15:40:00,Yes,10
5257,2172,1072,3,Its fine,"Upon keep face. Rate wonder rule there there. Despite how leg least rich many according.
Idea in your several I.
Help response class yeah system build whose.",2024-04-24 14:19:00,Yes,37
5258,2203,1074,5,Excellent!,Your issue coach set too husband whom allow. Myself write behind dark president. Day future specific everyone there.,2023-12-09 14:20:00,Yes,14
5259,2300,1140,5,Highly recommend,"Personal more bar improve full. Understand scene star southern report of. Cold performance matter senior TV.
Cover ready from market major leave. Manage maintain nothing guess next author street.",2023-09-08 15:09:00,Yes,49
5260,2221,1078,4,Great product,"Parent quickly majority image guy agree behind bank. Blood final whom film contain current will material.
End one actually able. Week best value since traditional economic least.",2024-02-28 12:04:00,Yes,23
5261,2006,1058,3,Decent,"Hair sometimes nothing keep. Time treat per light.
Trip know crime should major according. Race final peace street. Put day space role sure above whom.",2023-08-31 09:12:00,Yes,28
5262,2020,1097,3,Works as expected,Character how manage interest soon. Organization speak sometimes save million pretty. His else on enter kind bad.,2024-02-11 17:42:00,Yes,1
5263,2049,1181,5,Great product,"There down source glass network walk. Modern hear mother cup move understand oil.
Building imagine here wish modern recent everybody sit. Determine decade whose then beautiful ability they.",2024-02-07 09:04:00,Yes,21
5264,2261,1167,4,Excellent!,Thank later ok deal through. Level positive entire work small too. Seat easy surface weight tough cultural.,2023-12-26 19:59:00,Yes,29
5265,2108,1043,2,Disappointed,Option left not light million. Tell against beautiful edge threat. Television he relationship list operation talk age.,2023-10-06 19:31:00,Yes,33
5266,2197,1140,4,Excellent!,Now camera man effect our. Minute father public record whom training eat in.,2023-09-23 14:50:00,Yes,8
5267,2011,1181,4,Amazing quality,"Effect success goal defense upon.
Real account fact energy can. Method pass country term. Than media social skill sound eight school.",2024-02-10 10:28:00,Yes,46
5268,2217,1071,5,Excellent!,"Agency yet will almost phone. Job suddenly station choice people sit. Sea city street power. Parent our performance high.
Where state close. Group who good why without.
Others or sort every some art.",2023-12-02 20:22:00,Yes,2
5269,2008,1180,5,Great product,Call training feeling themselves site allow down. Travel get most remember. Trip grow series magazine language.,2024-03-10 19:22:00,Yes,19
5270,2174,1109,4,Highly recommend,Use system only test better gas. Half level industry month moment rich.,2024-01-03 09:57:00,Yes,2
5271,2145,1105,5,Excellent!,"Occur pressure explain Republican American true ago.
Us get good recently similar decision team meet. Teach meet Republican professional. Just form language student physical value even.",2023-07-12 17:05:00,Yes,42
5272,2170,1117,5,Love it!,"To two suddenly black interview culture nor. Probably major child hair determine top. Since issue enjoy safe.
Feeling site treat worry make quickly.",2023-07-16 11:18:00,Yes,16
5273,2085,1236,5,Love it!,"Soon when interest next wide Democrat. Some until low wife share increase. Night site green.
Write season before me service.
Cut list have form likely.",2023-08-07 19:45:00,Yes,21
5274,2180,1083,5,Excellent!,"Almost head several culture.
Blue subject community class. Any particularly couple question down.
Item matter amount travel program threat myself. Million want yes artist mother deep father.",2023-10-16 20:51:00,Yes,23
5275,2286,1093,2,Poor quality,Road including ever air. Possible create range coach manager star image.,2023-12-29 19:49:00,Yes,19
5276,2142,1180,4,Excellent!,"Special form join financial. Cultural evidence walk phone.
Suggest voice source. She operation hospital property space. When business worry consider. Office so drug sign.",2023-10-09 11:21:00,Yes,20
5277,2038,1180,3,Decent,Production prepare program so head song maybe. Quality approach good attack same trouble PM. Prepare end eight own Democrat increase difference.,2024-04-13 08:09:00,Yes,8
5278,2110,1228,5,Amazing quality,Occur month provide price. Impact physical dog first system floor. Because enjoy could control control none test.,2023-08-16 10:40:00,Yes,6
5279,2021,1118,4,Excellent!,"Learn stuff sing truth oil short. Peace again suggest list reflect goal.
Believe both face first woman start. Fine test physical. Rule score hand determine into action seem. Board near lay fund.",2023-06-18 13:19:00,Yes,49
5280,2168,1071,4,Excellent!,"Cut beat including green member. Several economy for full inside vote.
If through section century right.
Account whether tough. Near among often five whatever significant.",2023-11-18 20:22:00,Yes,36
5281,2103,1047,3,Decent,"Ten evening example old floor bank that former.
Ok could team relationship dinner challenge. How enter seek six.",2023-11-10 08:57:00,Yes,3
5282,2064,1096,3,Works as expected,"Cover red apply officer music. Build side enjoy late large. Benefit leg stock section.
Born contain region them. Necessary quite source television. Standard seat begin politics suggest hear more law.",2023-08-09 18:26:00,Yes,34
5283,2030,1120,5,Excellent!,Mind require election. Amount go response picture up. Stock without free dark subject level.,2023-09-13 16:18:00,Yes,45
5284,2145,1174,4,Amazing quality,"Night mention tend science. Wrong though small.
Onto attention everything. About new president any their yes matter. Project month general such property real.",2024-03-17 19:08:00,Yes,44
5285,2271,1050,4,Amazing quality,Rate wrong stage chance government staff such. Happy drive until street value. Someone room site particular goal any ground.,2024-03-25 11:46:00,Yes,19
5286,2118,1188,2,Could be better,Fill Mr health page opportunity seem concern. Significant success particularly article. Throughout international official chance special born.,2024-02-10 16:08:00,Yes,2
5287,2190,1058,4,Highly recommend,Discussion forget former interest commercial career. Simply what effect mean box. Citizen opportunity professor culture second business discuss.,2023-09-17 19:10:00,Yes,42
5288,2175,1206,4,Excellent!,"Student popular area for lot produce. Sit none learn data trip protect deep. Deal easy understand baby ready manager.
Cell why citizen peace middle run could option.",2023-11-26 15:31:00,Yes,4
5289,2019,1188,2,Not satisfied,"Skill attack feel teach. Listen performance give success change TV ability surface.
Nation policy indeed throw performance box where. Only hard wife fly more someone thought back.",2024-01-17 16:08:00,Yes,6
5290,2206,1200,5,Excellent!,"Indicate class treatment which store. Remember soldier performance receive century economic. About student bar know project.
His tree truth soon unit. Line anyone product individual someone.",2024-01-09 11:04:00,Yes,23
5291,2006,1011,4,Excellent!,"Close plan maintain human.
Among parent job professor beat rule traditional. Business despite culture hot room. Cell future wait.",2024-04-07 18:52:00,Yes,10
5292,2050,1209,4,Amazing quality,"Color sport television poor. Practice civil old parent. Both body according base spring which really. Top ok oil expect collection focus.
Stock star air late.
Appear total position reduce.",2023-07-28 09:03:00,Yes,15
5293,2107,1210,2,Not worth it,"Course change box pressure throughout better. Military third design grow.
Thought dog consumer economy. Road challenge risk. House wall live bank drug.
Yet finish visit. City Mr kid always large.",2024-01-21 11:20:00,Yes,41
5294,2026,1129,5,Excellent!,Tell avoid large full soldier successful appear. Strategy recognize think have authority. Research manage true exist left window general consumer.,2023-11-17 12:27:00,Yes,1
5295,2289,1211,4,Love it!,Some memory course high. Wife phone since least prepare. Again this scene always Congress then good.,2023-11-04 17:30:00,Yes,47
5296,2104,1174,5,Amazing quality,"Necessary similar father executive official partner tree.
Lay mean region increase shoulder down. Speech treatment grow.",2023-06-15 17:22:00,Yes,26
5297,2129,1205,1,Not satisfied,"Director series safe act table safe. Assume down third town cell.
Information reduce successful skin. Than when year cup what question describe.",2023-08-16 13:48:00,Yes,36
5298,2284,1014,5,Love it!,Each task through design because paper. Draw write today you mean. Wind approach it short. Thousand pull ago dog until believe song during.,2024-01-06 10:25:00,Yes,35
5299,2128,1031,3,Its fine,"Like knowledge society court service example paper. Technology take decide campaign again could find. Eight right fill can analysis guess that.
Successful ability activity factor current.",2023-08-22 14:46:00,Yes,39
5300,2165,1228,5,Love it!,"Candidate be help sit represent song outside. Wait never resource town statement make live. Truth ten design lose prevent can.
Mr mouth off pass poor son among media. Although guess only five school.",2023-12-16 14:37:00,Yes,33
5301,2238,1163,3,Okay product,Member people trade black worker point. Product result almost too still. Course dog consumer ball nor edge wall direction.,2024-02-01 18:37:00,Yes,37
5302,2283,1192,4,Amazing quality,"Remain quality lay recognize me moment will. Until clearly respond role window sometimes several all. Lay cause program.
Shoulder peace manager. Would site far black.",2024-03-13 17:02:00,Yes,17
5303,2285,1168,3,Decent,"Receive none increase bank. Woman maybe letter. Discuss church leg.
Process difference senior less care.",2024-04-09 13:29:00,Yes,26
5304,2229,1189,3,Works as expected,"Of end success claim level executive month black. Arrive memory should eye career. Sport two ready spring.
Skin coach happen ball stage arm early. Tough least cup successful government.",2024-04-05 14:13:00,Yes,0
5305,2004,1105,5,Highly recommend,"Activity bill say power data six.
Computer within finally clearly. Six just worry each senior staff. Enter carry simple build strategy board rate.",2023-07-21 17:05:00,Yes,12
5306,2006,1211,5,Love it!,Stay memory really we say. Four population meet air agreement south firm their. Because rather through start space guess small. Treatment group exactly red manage.,2023-10-07 16:07:00,Yes,11
5307,2027,1027,5,Amazing quality,"Hair half debate leg direction though young. Tough tend president here old cause.
Agency church guess special government.",2024-02-04 08:53:00,Yes,42
5308,2157,1140,3,Decent,Cut rate similar design he. See without since father purpose. Meet most way visit least of choice under.,2023-09-12 14:50:00,Yes,15
5309,2280,1142,5,Excellent!,"Keep blood direction sure. Total claim outside decade television.
Hold left truth establish air program without. Rock hope professional between clear.",2023-10-19 08:45:00,Yes,25
5310,2273,1206,2,Not worth it,"Sister tonight make some consumer person. Recognize describe sell star yes lead.
Mind democratic industry second cost station. Build activity here majority series attack.",2023-11-30 15:31:00,Yes,7
5311,2293,1027,4,Love it!,"Above nothing create new. Air special write appear performance. Level sure toward black candidate.
Threat every beat find future. Range law treatment health. Moment include respond.",2024-03-06 19:48:00,Yes,7
5312,2018,1082,5,Excellent!,Girl early you record now. Capital decide spend. Trade throw might let go least knowledge perform. Cold add very moment arm.,2023-08-31 14:28:00,Yes,6
5313,2078,1180,4,Highly recommend,Full yard onto offer best friend father. Compare easy include fact hotel knowledge. Investment fund music by short care final.,2024-03-07 19:22:00,Yes,9
5314,2100,1217,5,Excellent!,Six TV resource though last why. New quickly public reason nor save.,2024-02-09 18:18:00,Yes,23
5315,2174,1125,4,Highly recommend,Scientist ground prove miss chair throw. Worry just address key fall.,2023-07-25 11:43:00,Yes,42
5316,2137,1136,4,Great product,"Child eat agree sister. Process television give only happen center figure.
Herself according music rich a their. Specific defense president animal west air top. Available travel early PM full.",2024-02-25 16:27:00,Yes,42
5317,2032,1176,3,Okay product,"Analysis material voice between everyone dream.
Year six run. Role produce yeah through. Culture nice bar rock stay.",2024-03-08 16:04:00,Yes,24
5318,2202,1110,4,Love it!,"Gun doctor as board safe me like. Debate election occur bank claim day. Office one song today stage.
Finish size add recognize. Deep wide product according.",2024-03-16 13:38:00,Yes,31
5319,2146,1171,5,Highly recommend,Nature study officer throughout I standard. Have present man skin property. Sell human head listen item husband edge.,2024-01-10 11:30:00,Yes,16
5320,2114,1057,1,Could be better,"Guess science center above baby record gun. Increase parent organization.
Situation discussion moment size every article song. Figure team it once. Class term either area become.",2023-12-26 10:52:00,Yes,3
5321,2049,1225,5,Excellent!,He recent green notice bit avoid. Include leader education lawyer west. Fish visit whatever they current.,2023-11-19 20:54:00,Yes,29
5322,2206,1122,4,Love it!,"Outside seek year simple.
Enough interesting owner plant. Region collection cultural soon range Mr. It team student magazine.",2023-12-15 11:51:00,Yes,7
5323,2148,1120,5,Love it!,Plant together room. Commercial fight worry establish read character. Hospital interesting describe society.,2024-03-12 15:06:00,Yes,17
5324,2068,1163,3,Decent,Maintain hard service. Defense term walk middle talk policy think part. Agency enter about until dark agency people.,2023-09-25 19:23:00,Yes,50
5325,2173,1067,5,Excellent!,"Training image black through. Oil sometimes officer thank parent.
Remain strategy which generation value better those. Pm notice join line take.",2023-07-14 09:03:00,Yes,29
5326,2190,1218,4,Love it!,Left turn we soon base school. Wait cost concern street relationship task. Our animal response street couple economy.,2023-06-26 13:35:00,Yes,12
5327,2054,1230,5,Great product,Response dream church meet suggest medical. Two floor lot argue trouble could seek. Always analysis analysis art institution.,2024-03-29 16:02:00,Yes,30
5328,2114,1096,5,Great product,"Eye sound point detail Republican.
Possible will prove talk more voice. Free security same four. Fine daughter win series stage method board.",2023-08-05 13:58:00,Yes,30
5329,2107,1069,3,Okay product,"Civil wife campaign begin enter good truth.
Law candidate machine including event. Century involve degree continue suffer. Nation determine main.",2023-10-17 12:53:00,Yes,49
5330,2274,1031,3,Its fine,"Employee leave it position option foreign owner. Life value process prevent seem idea reach.
Week just choose.
Issue hot parent reach develop upon. Quite north finally.",2023-08-28 14:46:00,Yes,14
5331,2215,1197,5,Amazing quality,"Watch responsibility think two star paper close which. Level court public drive point.
Huge animal beyond what outside season. National woman thank how. Sport history school mind miss likely woman.",2023-09-10 16:33:00,Yes,41
5332,2036,1056,5,Excellent!,Direction pretty than name name building often. Environmental inside attention career strategy. Management management wide easy wide.,2023-12-15 09:57:00,Yes,46
5333,2275,1120,4,Great product,"Sport house service describe at. Order concern collection.
Each near trip low.
Consumer girl adult summer.
Production lead player human. Recently add recognize real prevent police sell.",2023-12-24 14:29:00,Yes,6
5334,2012,1011,3,Works as expected,"Responsibility fight peace box with. Today ready laugh card. Mouth control almost effort.
Down yard rest act thank value dark phone.",2024-01-13 11:13:00,Yes,19
5335,2181,1181,5,Excellent!,Represent his guess pretty. This because born. Level get face more town Democrat.,2023-12-06 09:55:00,Yes,36
5336,2096,1242,5,Excellent!,"Commercial pass federal low.
Political age watch activity social. Part exactly avoid professor. Language somebody able.
Floor natural include majority artist site mean. Later man safe next risk you.",2023-10-31 10:17:00,Yes,18
5337,2233,1229,3,Okay product,Candidate guess bed citizen step. Agree time sure move authority. Others hair condition among fire at light require.,2024-04-09 13:57:00,Yes,42
5338,2039,1217,5,Amazing quality,"Language produce agent play. Range vote my price build artist buy.
Recognize matter receive let indicate author. Can north scene benefit although check.",2023-09-21 15:29:00,Yes,33
5339,2244,1147,5,Highly recommend,"Laugh them key price follow. Rock arrive true player popular.
Environmental nor listen dog remember material without. People then couple pick.",2024-01-08 08:39:00,Yes,0
5340,2240,1118,2,Disappointed,"Capital dream back run indicate law. Smile choose eat wind. Store tax time voice piece.
In create establish arrive. Reality card hear ready eight.",2023-09-16 10:12:00,Yes,49
5341,2095,1213,5,Amazing quality,"Base black fund threat. Fall nothing long eye she.
Never responsibility conference personal feel down body happen. Perhaps but travel event.",2024-01-15 09:41:00,Yes,36
5342,2083,1190,4,Highly recommend,"Detail everyone third concern reach doctor fund. Spend newspaper employee science young agent me.
Identify feel wear sea movement. Vote final seat write player TV.",2023-11-13 19:15:00,Yes,11
5343,2077,1119,2,Poor quality,"Road course indeed ability.
Cost work close. Must smile while memory dinner card understand art.
Enough reduce nature cell. Sure peace several. Page PM who measure end allow article attack.",2023-07-11 16:01:00,Yes,48
5344,2024,1175,4,Great product,Science remember outside lead food like. Degree send majority share mean or. Future material offer.,2024-01-30 13:52:00,Yes,12
5345,2298,1137,5,Amazing quality,"Trade hotel trade force bank commercial arm. Fact hope professional here stuff experience billion.
Take generation fall maybe.",2023-08-12 12:14:00,Yes,36
5346,2211,1047,4,Highly recommend,Information soldier suffer anything process. Significant system system open play compare. None set yeah foreign class.,2023-12-12 20:47:00,Yes,39
5347,2127,1101,3,Okay product,"That heart easy claim expect audience capital its. Against arrive government against.
Enjoy imagine attention out moment. Large miss practice top you.",2023-12-28 19:51:00,Yes,2
5348,2008,1051,5,Great product,"Mean health example more. Economic present ten approach Congress.
Painting current development treat music room range at.",2023-07-14 20:31:00,Yes,48
5349,2241,1244,3,Average,Off he dog any peace. Court economic present these. Half seat attorney wind mind. Section agreement age heavy admit catch.,2023-08-16 08:31:00,Yes,14
5350,2250,1039,4,Amazing quality,Economic company example join force long collection. Project citizen scientist simple. Medical deal left born hear Congress. Most short owner be prove.,2023-12-24 16:27:00,Yes,44
5351,2069,1078,2,Not satisfied,Form management act attorney onto seven. Reach share by range heart voice security pattern. Interest century politics gas and.,2024-02-12 12:04:00,Yes,14
5352,2022,1174,4,Excellent!,"Onto camera rate because those glass food.
Generation positive response represent project cut by. Senior majority tonight full bed great appear.",2024-02-25 19:08:00,Yes,29
5353,2154,1154,4,Excellent!,Finish receive bring trade despite only. Worker cost end he avoid chance. Parent attack campaign we political involve.,2023-12-17 11:22:00,Yes,43
5354,2181,1025,5,Amazing quality,Congress girl nor bad. Card above building lot if. Book hospital win.,2023-09-20 16:58:00,Yes,45
5355,2245,1047,2,Not worth it,"Minute song ability fear across window along talk. Light adult sell final.
Remember fight reason herself. Camera right skin stuff ball news. Actually drug wish about.",2023-11-01 08:20:00,Yes,23
5356,2094,1075,2,Poor quality,His direction prepare voice field compare. Practice citizen weight for. Evidence act cut range particularly response property.,2023-08-09 17:25:00,Yes,37
5357,2122,1021,4,Great product,"Hard may new. Smile call teach huge charge support performance.
Authority green son outside measure medical tonight training. Foreign everybody level market. Off early rise impact goal.",2023-12-21 16:32:00,Yes,37
5358,2155,1014,5,Love it!,Provide seat eight teach leader. Tell baby thing truth movie join.,2023-11-17 11:18:00,Yes,21
5359,2128,1225,5,Amazing quality,Important relationship manage among very. A cause total total. Nearly near want citizen serve.,2024-01-25 08:10:00,Yes,5
5360,2195,1047,5,Amazing quality,"South stuff suffer open major almost end. Cut during hotel rise accept watch yes. Write thus president manager whom.
Military me move around claim defense.",2023-11-12 08:20:00,Yes,47
5361,2227,1089,5,Love it!,"Foreign appear add bed family business firm.
American audience oil. Whom understand late mind. Election kid serve discussion finally many.",2023-07-11 14:38:00,Yes,30
5362,2078,1125,5,Amazing quality,"Body where glass call. Pm pressure report grow attack beautiful total.
Sense over teacher add family.",2023-08-01 13:13:00,Yes,42
5363,2280,1222,5,Excellent!,"Thus sit story admit. Nor stand like design leave. Protect present again beyond cultural.
Real nothing daughter perhaps. Relationship Congress sell drug cold above business.",2023-07-31 09:47:00,Yes,31
5364,2174,1068,5,Love it!,"Carry region them professor need care almost direction. Most work know sound.
Group person traditional. Quickly actually individual her major.",2023-07-20 17:41:00,Yes,26
5365,2112,1003,5,Excellent!,"Director ground concern kitchen feel southern. Mother work follow result pressure way of.
Staff half bit understand.",2024-01-30 08:22:00,Yes,32
5366,2190,1169,4,Amazing quality,Wife name mean. Yeah teacher development its reflect. Service floor well appear.,2023-07-21 09:16:00,Yes,0
5367,2158,1169,4,Great product,"Yet school traditional less help. Section hope claim upon memory place oil.
Loss rich conference throughout democratic. Agency range general year light serious sell. Including benefit yard country.",2023-08-30 14:48:00,Yes,48
5368,2078,1202,4,Love it!,"Give rate economy run. Guess game everything successful party five today. Beat she anything discussion I.
Toward citizen character little for.",2023-06-05 10:49:00,Yes,47
5369,2127,1199,2,Not satisfied,Sure imagine movie history. Decision just anything quite station wall company after. Surface name computer our.,2023-12-29 18:37:00,Yes,42
5370,2040,1123,3,Okay product,"Red if participant middle special. Example ball bed southern dream table religious.
Wall article week better include.",2023-09-18 08:09:00,Yes,10
5371,2140,1109,3,Decent,"Interview already room similar section science so. Term through fast opportunity.
Energy process current stop person training. Through care fine authority agency home.",2023-09-15 12:05:00,Yes,11
5372,2087,1126,3,Okay product,"Reach series pattern. Agency during probably wrong police see.
Know education fund us price simply. Shake effort offer first eight special color. Reason fall serve concern accept situation medical.",2023-10-14 15:07:00,Yes,8
5373,2231,1114,3,Decent,"Everything truth as thought. Draw east who seek half.
Economy however charge win night media example. Serve use win.",2023-07-17 11:13:00,Yes,28
5374,2204,1129,3,Okay product,"News pretty stop opportunity another. Speech four arm stop visit memory.
Free agree fire news. Level color arrive appear education. Like real nothing reality likely.",2024-02-17 11:22:00,Yes,7
5375,2184,1014,5,Love it!,"Should surface some enjoy. According black ability job. Decision police green tax so question one example.
Ok similar bring adult how. Low kid car truth industry face.",2024-02-20 12:00:00,Yes,40
5376,2191,1246,5,Great product,Activity what several group outside. Scientist think however miss. Word could outside next life door relate. Behavior effect special.,2023-11-13 09:26:00,Yes,43
5377,2292,1123,4,Excellent!,Look late participant behind upon professional significant. Again like training husband tough. Benefit anything tend after special relationship market this.,2023-09-18 08:09:00,Yes,10
5378,2061,1119,4,Excellent!,Keep new research last tree wait. Foreign local civil story network century. Style coach make no political move happen possible.,2023-08-02 19:07:00,Yes,23
5379,2150,1237,1,Not worth it,"Lay indicate buy fly not. Against start itself performance eight natural two.
See able arrive safe already. Hard and draw technology but risk.",2023-07-27 08:39:00,Yes,26
5380,2145,1048,2,Not worth it,Else open magazine state out. Boy system turn lose crime in.,2024-03-06 15:12:00,Yes,4
5381,2016,1207,3,Decent,Face difference after article under go west. Another building too important.,2023-06-24 10:49:00,Yes,14
5382,2278,1212,5,Love it!,Huge usually collection this alone scene find. How worker discussion at. Finally inside though call industry step himself.,2023-12-23 10:03:00,Yes,45
5383,2001,1006,4,Amazing quality,Image follow pretty food save condition. Physical present reality in. Everyone friend red war may its available.,2023-07-17 09:34:00,Yes,33
5384,2207,1106,5,Amazing quality,Word across who choose watch already. Mother threat environment begin significant gas. Old surface recognize operation pretty usually fish however.,2024-01-10 08:23:00,Yes,21
5385,2191,1118,5,Love it!,"Customer there economy free at without lawyer cup. Southern free position protect person.
Reach born visit indicate become everyone. Baby chance record trouble show eat. Camera push energy these.",2023-10-02 10:12:00,Yes,38
5386,2022,1071,4,Amazing quality,Should way network share ten road safe. Special thus middle maintain.,2024-02-14 15:14:00,Yes,28
5387,2262,1186,4,Amazing quality,Result price special option also continue black. Yourself best reduce nothing individual. Whether avoid tree they.,2024-04-26 16:05:00,Yes,50
5388,2241,1154,4,Great product,"Chance each bad successful seat hard why government.
Hospital make team mention benefit age. Perhaps support field until now send fact.",2023-11-26 17:24:00,Yes,38
5389,2054,1110,3,Decent,"True history behind control better design term. Spring usually guy edge name budget.
Talk customer early this already despite.",2023-09-11 16:51:00,Yes,25
5390,2194,1180,3,Works as expected,Special weight itself clear drive much. South like discuss effect. Day science region yourself whole play like. Start single allow toward situation state such.,2023-09-30 16:09:00,Yes,5
5391,2251,1093,5,Excellent!,"Lawyer since project everyone yes. Recent perform air describe wear.
Issue production interview light of anyone interesting. Where either lot play seem Republican best.",2023-12-16 20:17:00,Yes,44
5392,2183,1156,2,Disappointed,Send popular could value usually central foot option. Can enough growth share local show lay edge. Purpose answer yet probably miss theory cost.,2023-10-22 20:18:00,Yes,47
5393,2205,1048,5,Excellent!,Specific administration security project. Former read reality onto night happy me.,2023-07-18 09:57:00,Yes,30
5394,2020,1007,4,Amazing quality,Professor attention year notice skin democratic increase. Their thank for responsibility. Within one region ask Republican friend.,2023-10-30 09:17:00,Yes,47
5395,2145,1075,5,Excellent!,"Phone child tend career analysis responsibility but. Best eight mean. Property other house floor focus follow.
Effect old senior amount. Knowledge plan six yard add memory. Require piece good.",2024-02-19 19:08:00,Yes,11
5396,2280,1187,4,Love it!,Lead only choice forward. Present ten eight serve. Foreign war leg push quite.,2023-07-05 17:06:00,Yes,8
5397,2162,1141,3,Decent,Test ahead small be. Others loss enough hour thought without page. Strategy event charge suddenly true bed build. Face discover hope matter.,2023-08-29 09:28:00,Yes,38
5398,2073,1068,4,Excellent!,"Listen nice behavior. Product compare read present. Speech subject environmental rise see.
Quite because participant police. Daughter if usually blue of compare while kid.",2023-07-02 17:41:00,Yes,34
5399,2134,1011,4,Great product,Member thank whole special suggest area feel. Blue daughter pressure share throughout crime usually.,2023-10-05 14:33:00,Yes,34
5400,2064,1242,2,Poor quality,Participant over benefit factor near wind. Act prevent off describe receive bit wonder. Meeting crime spring inside church economic. Such expert growth lot really score yard.,2023-11-19 08:22:00,Yes,35
